CES UnitId,NPCC Full Name,Type,Zone,Installation Date,Retirement Date,Summer Capacity (MW),Winter Capacity (MW),ISO_Q_ID
2118,Ty Cooke 2-3,GT,PANHANDLE,2021-07-31,12/31/2100,25.0,30.0,21INR0506
2119,PES 2 Power Station,NGT,HOUSTON,2021-11-01,12/31/2100,102.0,102.0,22INR0371
2182,Beachwood Power Station (Mark One),NGT,COASTAL,2022-06-25,12/31/2100,306.0,306.0,22INR0369
2183,Rabbs Power Plant,NGT,HOUSTON,2022-03-01,12/31/2100,408.0,408.0,20INR0221
2187,Cedar Bayou5,NGT,HOUSTON,2028-06-01,12/31/2100,697.0,697.0,23INR0029
2188,RABBS 2 Power Station,NGT,HOUSTON,2025-06-01,12/31/2100,102.0,102.0,22INR0597
2189,Beachwood II Power Station,NGT,HOUSTON,2024-06-01,12/31/2100,102.0,102.0,23INR0506
2190,Brotman II Power Station,NGT,HOUSTON,2023-08-01,12/31/2100,102.0,102.0,23INR0551
2191,Brotman Power Station,NGT,COASTAL,2023-06-01,1/1/2100,300.0,300.0,23INR0095
7872,Chamon 2,NCC,HOUSTON,2022-05-01,1/1/2100,100.0,100.0,19INR0056
7873,ProEnergy HO Clark NGT,NGT,COASTAL,2021-01-01,1/1/2100,299.0,299.0,20INR0206
7888,Brandon Station ERCOT,STg1001,WEST,2021-06-01,12/31/2100,20.0,22.0,21INR0201
7889,J Robert Massengale CC ERCOT,CC,WEST,2021-06-01,12/31/2100,40.0,44.0,21INR0202
7890,Formosa NCC 2020,NCC,SOUTH,2020-03-25,12/31/2100,220.0,240.0,19INR0014
7897,Old Bloomington Road,NGT,SOUTH,2021-09-30,12/31/2100,100.0,100.0,19INR0057
7898,GoodAlta,NGT,NORTH,2025-01-01,12/31/2100,150.0,150.0,20INR0104
7899,Topaz Power Plant,NGT,HOUSTON,2021-07-15,12/31/2100,498.0,498.0,20INR0231
7900,Greens Bayou Expansion,NGT,HOUSTON,2025-01-01,12/31/2100,140.0,140.0,20INR0267
8023,Boonsville,NCC,NORTH,2026-01-01,12/31/2070,620.0,620.0,
8031,Economic CC: Denton,NCC,NORTH,2050-01-01,12/31/2030,500.0,500.0,
8032,Economic CC: Denton,NCC,NORTH,2050-01-01,12/31/2030,500.0,500.0,
8033,Economic CC: Northeast,NCC,NORTHEAS,2050-01-01,12/31/2030,500.0,500.0,
8034,Economic CC: Northeast,NCC,NORTHEAS,2050-01-01,12/31/2030,500.0,500.0,
8035,Economic CC: Northeast,NCC,NORTHEAS,2050-01-01,12/31/2030,500.0,500.0,
8036,Economic CC: Houston,NCC,HOUSTON,2050-01-01,12/31/2030,500.0,500.0,
8037,Economic CC: Houston,NCC,HOUSTON,2050-01-01,12/31/2030,500.0,500.0,
8038,Economic CC: Houston,NCC,HOUSTON,2050-01-01,12/31/2030,500.0,500.0,
8039,Economic CC: Hidalgo,NCC,SOUTH,2050-01-01,12/31/2030,500.0,500.0,
8040,Economic CC: North,NCC,NORTH,2050-01-01,12/31/2030,500.0,500.0,
8041,Economic CC: North,NCC,NORTH,2050-01-01,12/31/2030,500.0,500.0,
8042,Economic CC: North,NCC,NORTH,2050-01-01,12/31/2030,500.0,500.0,
8043,Economic CC: North,NCC,NORTH,2050-01-01,12/31/2030,500.0,500.0,
8044,Economic CC: Newman,NCC,NORTH,2050-01-01,12/31/2030,500.0,500.0,
8045,Economic CC: South,NCC,SOUTH,2050-01-01,12/31/2030,500.0,500.0,
8046,Economic CC: South,NCC,SOUTH,2050-01-01,12/31/2030,500.0,500.0,
8047,Economic CC: South,NCC,SOUTH,2050-01-01,12/31/2030,500.0,500.0,
8048,Economic CC: West,NCC,WEST,2050-01-01,12/31/2030,500.0,500.0,
8049,Economic CC: West,NCC,WEST,2050-01-01,12/31/2030,500.0,500.0,
8050,Economic CC: West,NCC,WEST,2050-01-01,12/31/2030,500.0,500.0,
8068,Collin 1,STg200,NORTHEAS,2030-01-01,12/31/2005,138.0,138.0,
8072,Corpus Christi Energy 2,NGT,SOUTH,2024-06-01,12/31/2070,113.0,140.9,
8073,Corpus Christi Energy 3,NGT,SOUTH,2024-06-01,12/31/2070,131.0,133.5,
8074,Economic GT: Denton,NGT,NORTH,2050-01-01,12/31/2030,50.0,50.0,
8075,Economic GT: Denton,NGT,NORTH,2050-01-01,12/31/2030,50.0,50.0,
8076,Economic CT: Northeast,NGT,NORTHEAS,2050-01-01,12/31/2030,250.0,250.0,
8077,Economic CT: Northeast,NGT,NORTHEAS,2050-01-01,12/31/2030,250.0,250.0,
8078,Economic CT: Northeast,NGT,NORTHEAS,2050-01-01,12/31/2030,250.0,250.0,
8079,Economic CC: Houston,NGT,HOUSTON,2050-01-01,12/31/2030,250.0,250.0,
8080,Economic CC: Houston,NGT,HOUSTON,2050-01-01,12/31/2030,250.0,250.0,
8081,Economic CT: North,NGT,NORTH,2050-01-01,12/31/2030,250.0,250.0,
8082,Economic CT: North,NGT,NORTH,2050-01-01,12/31/2030,250.0,250.0,
8083,Economic CT: North,NGT,NORTH,2050-01-01,12/31/2030,250.0,250.0,
8084,Economic CT: North,NGT,NORTH,2050-01-01,12/31/2030,250.0,250.0,
8085,Economic GT: Newman,NGT,NORTH,2050-01-01,12/31/2030,50.0,50.0,
8086,Economic GT: Newman,NGT,NORTH,2050-01-01,12/31/2030,50.0,50.0,
8087,Economic CT: South,NGT,SOUTH,2050-01-01,12/31/2030,250.0,250.0,
8088,Economic CT: South,NGT,SOUTH,2050-01-01,12/31/2030,250.0,250.0,
8089,Economic CT: South,NGT,SOUTH,2050-01-01,12/31/2030,250.0,250.0,
8090,Economic CT: South,NGT,SOUTH,2050-01-01,12/31/2030,250.0,250.0,
8091,Economic CT: South,NGT,SOUTH,2050-01-01,12/31/2030,250.0,250.0,
8092,Economic CT: West,NGT,WEST,2050-01-01,12/31/2030,250.0,250.0,
8093,Economic CT: West,NGT,WEST,2050-01-01,12/31/2030,250.0,250.0,
8096,Coleto Creek 2,STc+,SOUTH,2030-01-01,12/31/2100,660.0,660.0,
8097,Las Brisas Energy Center 1 (CFB)_PTFUEL,STc+,SOUTH,2030-01-01,12/31/2100,620.0,620.0,
8098,Las Brisas Energy Center 2 (CFB)_PTFUEL,STc+,SOUTH,2030-01-01,12/31/2100,620.0,620.0,
8099,White Stallion Energy Center,STc+,HOUSTON,2050-01-01,12/31/2100,1200.0,1200.0,
8100,Pondera King Power Project 1,NCC,HOUSTON,2025-01-01,12/31/2100,435.0,462.0,
8116,Brownsville Tenaska,NCC,SOUTH,2030-12-01,1/1/2100,780.0,800.0,16INR0005
8119,Pondera King Power Project 2,NCC,HOUSTON,2025-01-01,1/1/2100,435.0,462.0,
8121,Guadalupe Peaker Calpine,NGT,SOUTH,2030-01-01,12/31/2100,418.0,418.0,14INR0027
8122,Clear Springs Energy Center,NGT,SOUTH,2024-06-01,12/31/2100,530.0,540.0,17INR0017
8123,Union Valley Energy Center,NGT,SOUTH,2024-06-01,12/31/2100,530.0,540.0,17INR0016
8124,Van Alstyne Energy Center,NGT,NORTHEAS,2024-06-01,12/31/2100,530.0,540.0,
8130,Halyard Wharton,NGT,HOUSTON,2050-01-01,12/31/2100,400.0,419.0,16INR0044
8132,Shawnee Gas Hill County,NGT,NORTH,2024-06-01,12/31/2100,900.0,928.0,18INR0004
8133,Halyard Henderson,NGT,NORTH,2050-01-01,12/31/2100,430.0,450.0,16INR0045
8146,Eagle Mountain 1,STg200,NORTH,2040-01-01,5/1/2005,112.0,112.0,
8147,Eagle Mountain 2,STg200,NORTH,2040-01-01,5/1/2005,100.0,100.0,
8168,Ft Phantom 1,STg200,WEST,2030-01-01,12/31/2070,158.0,158.0,
8169,Ft Phantom 2,STg+,WEST,2030-01-01,12/31/2070,204.0,204.0,
8234,Lake Pauline 1,STg100,WEST,2050-01-01,1/1/2009,12.0,12.0,
8261,Morgan Creek 6 II,STg+,WEST,2031-01-01,10/1/2007,457.0,457.0,
8353,San Angelo 1,CC,WEST,2030-01-01,12/31/2045,21.0,25.0,
8463,Texas Big Spring,WND,WEST,1999-01-01,12/31/2070,34.32,34.32,
8464,Culberson County Wind 1,WND,WEST,2006-01-01,1/1/2000,175.0,175.0,
8465,Delaware Mountain Wind Farm,WND,WEST,2001-01-01,11/25/2013,28.5,28.5,
8466,Desert Sky Wind Farm 1,WND,WEST,2001-01-01,12/31/2070,26.0,26.0,17INR0070
8467,Desert Sky Wind Farm 2,WND,WEST,2001-01-01,12/31/2070,135.0,135.0,17INR0070
8468,Green Mountain Energy 1,WND,WEST,2003-01-01,12/31/2070,99.0,99.0,
8469,Green Mountain Energy 2,WND,WEST,2003-01-01,12/31/2070,61.0,61.0,
8470,King Mountain NE,WND,WEST,2001-01-01,12/31/2070,79.3,79.3,
8471,King Mountain NW,WND,WEST,2001-01-01,12/31/2070,79.3,79.3,
8472,King Mountain SE,WND,WEST,2001-01-01,12/31/2070,40.3,40.3,
8473,King Mountain SW,WND,WEST,2001-01-01,12/31/2070,79.3,79.3,
8474,Kunitz Wind,WND,WEST,1995-01-01,11/25/2013,39.8,39.8,
8475,New Wind McCamey,WND,WEST,2010-01-01,1/1/2000,100.0,100.0,
8476,West Texas Wind Energy,WND,WEST,1999-01-01,11/15/2019,74.2,74.2,
8477,Indian Mesa Wind Farm,WND,WEST,2001-01-01,12/31/2070,82.5,82.5,18INR0069
8478,Pecos Wind (Woodward 1),WND,WEST,2001-01-01,12/31/2070,82.5,82.5,18INR0079
8479,Pecos Wind (Woodward 2),WND,WEST,2001-01-01,12/31/2070,77.22,77.22,18INR0080
8481,Silver Star,WND,NORTH,2007-06-01,12/31/2070,60.0,60.0,18INR0064
8482,Sweetwater Wind 1,WND,WEST,2003-01-01,12/31/2070,97.5,97.5,18INR0073
8483,Sweetwater Wind 2-3,WND,WEST,2005-01-01,12/31/2070,145.0,145.0,17INR0068
8484,Trent Wind Farm,WND,WEST,2001-01-01,12/31/2070,131.0,131.0,17INR0069
8564,Native CFB Units 11&12 (Formosa Plastics),Fixed,SOUTH,2025-01-01,12/31/2070,263.0,263.0,
8571,Air Liquide - LaPorte,GT,HOUSTON,2050-01-01,12/31/2100,19.5,19.5,
8624,La Paloma Energy Center,NCC,SOUTH,2025-06-01,12/31/2100,690.0,690.0,
8828,Valley 1-II,STg200,NORTHEAS,2025-01-01,12/31/2070,177.0,188.0,
8829,Valley 2-II,STg+,NORTHEAS,2050-01-01,12/31/2070,550.0,576.0,
8830,Valley 3-II,STg+,NORTHEAS,2050-01-01,12/31/2070,390.0,410.0,
8835,Twin Oaks 3,STc+,NORTH,2050-01-01,12/31/2045,630.0,630.0,
8838,Cobisa-Greenville 1,NCC,NORTH,2050-01-01,12/31/2070,600.0,610.0,
8839,Cobisa-Greenville 2,NCC,NORTH,2050-01-01,12/31/2100,600.0,610.0,
8840,Cobisa-Greenville 3,NCC,NORTH,2050-01-01,12/31/2100,600.0,610.0,
8841,Buffalo Gap Wind Farm 1,WND,WEST,2005-01-01,12/31/2070,120.6,120.6,
8842,Buffalo Gap Wind Farm 2,WND,WEST,2007-03-01,12/31/2070,232.5,232.5,
8843,Horse Hollow Wind 2,WND,WEST,2005-10-01,12/31/2070,184.0,184.0,17INR0058
8844,Horse Hollow Wind 1,WND,WEST,2006-06-01,12/31/2070,213.0,213.0,17INR0101
8845,Gulf Wind (I-II),WND,SOUTH,2009-04-01,12/31/2100,283.2,283.2,18INR0075
8846,Gulf Wind 2,WND,SOUTH,2025-01-01,12/31/2100,300.0,300.0,
8847,Stella Wind 1,WND,SOUTH,2018-12-01,12/31/2100,200.0,200.0,15INR0035
8848,Stella Wind 2,WND,SOUTH,2024-03-01,12/31/2100,200.0,200.0,16INR0012
8850,Orion Delaware,WND,WEST,2025-01-01,12/31/2100,175.0,175.0,
8887,Big Brown 3,STc+,NORTH,2050-01-01,12/31/2045,800.0,800.0,
8888,Martin Lake 4,STc+,NORTH,2050-01-01,12/31/2070,800.0,800.0,
8889,Monticello 4,STc+,NORTHEAS,2050-01-01,12/31/2045,800.0,800.0,
8890,Horse Hollow Wind 4,WND,WEST,2006-10-01,12/31/2070,115.0,115.0,17INR0060
8891,Morgan Creek 7,STc+,WEST,2050-01-01,12/31/2045,800.0,800.0,
8892,Valley 4,STc+,NORTHEAS,2050-01-01,12/31/2045,800.0,800.0,
8893,Tradinghouse 3,STc+,NORTH,2050-01-01,12/31/2045,800.0,800.0,
8894,Tradinghouse 4,STc+,NORTH,2050-01-01,12/31/2045,800.0,800.0,
8895,Lake Creek 3,STc+,NORTH,2030-01-01,12/31/2045,800.0,800.0,
8897,Rayburn 10,NCC,SOUTH,2030-01-01,1/1/2000,500.0,580.0,
8900,Camp Springs (1-2),WND,WEST,2007-03-01,12/31/2070,258.01,258.01,
8901,Forest Creek Wind Farm,WND,WEST,2007-01-01,12/31/2070,124.2,124.2,
8902,Mesquite 1-shackel,WND,WEST,2007-02-01,12/31/2070,100.0,100.0,
8903,Post Oak Wind (1-2),WND,WEST,2008-01-01,12/31/2070,200.0,200.0,
8904,Wild Horse Wind Farm 1-(Cottle),WND,WEST,2025-01-01,12/31/2008,60.0,60.0,
8905,Wild Horse Wind Farm 2-(Cottle),WND,WEST,2025-01-01,12/31/2008,39.0,39.0,
8906,Snyder Wind Farm,WND,WEST,2007-12-01,6/1/2021,63.0,63.0,
8907,Horse Hollow Wind 3,WND,WEST,2006-10-01,12/31/2070,223.5,223.5,17INR0103
8908,Sweetwater Wind 4 and 5,WND,WEST,2007-06-01,12/31/2070,334.0,334.0,
8909,Sand Bluff Wind Farm,WND,WEST,2008-01-01,12/31/2070,90.0,90.0,
8919,Decker Creek NCC,NCC,SOUTH,2030-01-01,12/31/2100,480.0,500.0,
8920,Roans Prairie Tenaska,NCC,NORTH,2024-06-01,1/1/2100,650.0,663.0,16INR0008
8921,Pinecrest Energy Center,NCC,NORTH,2030-01-01,12/31/2100,710.0,730.0,16INR0006
8923,San Roman Wind,WND,SOUTH,2016-12-01,12/31/2100,94.0,94.0,
8924,Salt Fork Wind,WND,WEST,2016-12-01,12/31/2100,174.0,174.0,
8925,Unity Wind ERCOT,WND,WEST,2029-01-01,12/31/2100,203.0,203.0,15INR0050
8926,Railhead Capacity Wind,WND,WEST,2024-06-01,12/31/2100,248.0,248.0,14INR0030c
8927,Torrecillas Wind A (DOW Bordas),WND,SOUTH,2018-12-15,12/31/2100,300.0,300.0,14INR0045
8928,Torrecillas Wind B,WND,SOUTH,2026-01-01,12/31/2100,200.0,200.0,14INR0045b
8929,Caprock Wind ERCOT,WND,WEST,2030-01-01,12/31/2100,300.0,300.0,
8930,Javelina Wind,WND,SOUTH,2015-12-14,12/31/2100,250.0,250.0,
9070,Laporte NET Power,QF,HOUSTON,2020-02-07,1/1/2100,22.0,22.0,17INR0022
9815,Hugo,STc+,NORTHEAS,2050-01-01,12/31/2045,500.0,500.0,
9817,Comanche Peak 3,NU,NORTH,2050-01-01,1/1/2100,1600.0,1600.0,
9818,Comanche Peak 4,NU,NORTH,2050-01-01,1/1/2100,1600.0,1600.0,
9819,South Texas 3,NU,SOUTH,2038-01-01,12/31/2038,1350.0,1350.0,
9820,South Texas 4,NU,SOUTH,2038-01-01,12/31/2038,1350.0,1350.0,
9827,Goat wind,WND,WEST,2008-04-01,12/31/2070,80.0,80.0,
9828,Buffalo Gap Wind Farm 3,WND,WEST,2008-05-01,12/31/2070,170.2,170.2,
9829,Whirlwind Energy,WND,WEST,2007-09-01,12/31/2070,60.0,60.0,
9830,Red Canyon,WND,WEST,2006-06-01,12/31/2070,84.0,84.0,17INR0057
9831,Stanton Wind Energy,WND,WEST,2007-12-01,12/31/2070,123.6,123.6,
9832,Ocotillo Wind Farm,WND,WEST,2009-01-01,12/31/2100,58.8,58.8,
9833,Roscoe Wind Farm,WND,WEST,2008-02-01,12/31/2070,209.0,209.0,
9834,Barton Chapel Wind,WND,NORTH,2009-01-01,12/31/2100,120.0,120.0,
9835,Callahan Wind,WND,WEST,2004-11-01,12/31/2070,114.0,114.0,17INR0056
9836,Panther Creek 1,WND,WEST,2008-06-01,12/31/2070,142.5,142.5,
9838,Capricorn Ridge Wind 3,WND,WEST,2007-09-01,12/31/2070,149.5,149.5,17INR0065
9839,Capricorn Ridge Wind 1,WND,WEST,2007-09-01,12/31/2070,214.5,214.5,17INR0063
9853,Victoria City Nuclear,NU,SOUTH,2050-01-01,12/31/2038,3200.0,3200.0,
9882,Texas Clean Energy Project,NCC,WEST,2050-01-01,12/31/2070,180.0,180.0,
9962,Wharton Energy Center,NGT,HOUSTON,2026-01-01,12/31/2100,600.0,650.0,15INR0023
9963,FGE Texas 1,NCC,WEST,2026-06-01,12/31/2100,799.0,799.0,16INR0010
9977,Rockwood G,NCC,SOUTH,2024-06-01,12/31/2100,1122.0,1122.0,18INR0001
9978,FGE Texas II,NCC,WEST,2030-01-01,12/31/2100,799.0,799.0,17INR0010
9979,SPC Jackson G,NCC,SOUTH,2050-01-01,12/31/2100,916.0,916.0,
13617,OCI Alamo 1,SOL,SOUTH,2013-11-22,1/1/2100,41.0,41.0,
14001,Champion Wind Farm,WND,WEST,2008-03-01,12/31/2100,126.5,126.5,
14002,Inadale Wind,WND,WEST,2009-08-01,12/31/2100,197.0,197.0,
14003,Airtricity Lamesa Wind Plant 1,WND,WEST,2009-01-01,12/31/2008,183.0,183.0,
14004,Pyron Wind Farm,WND,WEST,2009-01-01,12/31/2100,249.0,249.0,
14005,Bull Creek Wind Plant,WND,WEST,2009-01-01,12/31/2100,180.0,180.0,
14006,Hackberry Wind Farm,WND,WEST,2009-01-01,12/31/2100,166.0,166.0,
14007,Mesquite Wind Farm 3-phase 4,WND,WEST,2030-01-01,1/1/2000,136.0,136.0,
14008,Mesquite Wind Farm 4,WND,WEST,2008-12-01,12/31/2100,100.0,100.0,
14009,Penascal Wind Farm 1,WND,SOUTH,2009-04-01,12/31/2100,202.0,202.0,
14011,South Trent Wind Farm,WND,WEST,2009-01-01,12/31/2100,101.2,101.2,
14012,Wild Horse Mountain-(Howard),WND,WEST,2030-01-01,12/31/2100,120.0,120.0,
14013,Elbow Creek Wind Project,WND,WEST,2009-01-01,12/31/2100,122.0,122.0,19INR0174
14014,Buffalo Gap 4 and 5,WND,WEST,2030-06-01,12/31/2100,300.0,300.0,
14015,Buffalo Gap 5,WND,WEST,2030-01-01,12/31/2100,232.5,232.5,
14016,M Bar Wind,WND,WEST,2030-01-01,12/31/2100,194.0,194.0,
14017,McAdoo Wind Farm,WND,NORTH,2009-01-01,12/31/2100,150.0,150.0,20INR0295
14018,Turkey Track Wind Energy Center,WND,WEST,2009-06-01,12/31/2100,175.0,175.0,
14019,Gunsight Mountain Wind,WND,WEST,2016-06-22,12/31/2100,120.0,120.0,
14020,Pistol Hill Energy Center,WND,WEST,2030-01-01,12/31/2100,300.0,300.0,
14021,McAdoo Energy Center II,WND,WEST,2030-01-01,12/31/2100,500.0,500.0,
14022,Notrees-1,WND,WEST,2009-04-01,12/31/2100,152.61,152.61,
14023,Wind Tex Energy Lenorah Wind Farm Project,WND,WEST,2025-09-01,12/31/2100,251.0,251.0,
14024,Stephens County Wind,WND,WEST,2025-01-01,12/31/2100,141.0,141.0,
14025,Aviator Wind,WND,WEST,2020-10-01,12/31/2100,525.0,525.0,19INR0156
14026,B&B Panhandle Wind,WND,WEST,2030-01-01,1/1/2000,1001.0,1001.0,
14027,Gatesville Wind Farm,WND,NORTH,2030-06-01,12/31/2100,200.0,200.0,
14028,Camp Springs Energy Center III,WND,WEST,2030-01-01,12/31/2100,350.0,350.0,
14029,Throckmorton Wind Farm,WND,WEST,2025-12-31,12/31/2100,400.0,400.0,
14030,Fort Concho Wind Farm,WND,WEST,2030-01-01,12/31/2100,400.0,400.0,
14031,Wolfe Ridge,WND,NORTH,2009-04-01,12/31/2100,112.5,112.5,21INR0511
14032,Gunsight Mountain Wind Energy,WND,WEST,2030-01-31,1/1/2000,200.0,200.0,
14033,Wind Tex Energy Gray Wind Project,WND,WEST,2025-01-01,1/1/2038,141.0,141.0,
14034,Panther Creek 2,WND,WEST,2009-01-01,12/31/2070,115.5,115.5,
14035,Galveston Offshore Wind project,WND,HOUSTON,2010-01-01,1/1/2000,150.0,150.0,
14036,Sherbino I,WND,WEST,2009-01-01,1/20/2021,150.0,150.0,
14037,Capricorn Ridge Wind 4,WND,WEST,2008-09-01,12/31/2100,112.5,112.5,17INR0061
14038,Capricorn Ridge Wind 2,WND,WEST,2008-09-01,12/31/2100,186.0,186.0,17INR0064
14039,Cottonwood Wind,WND,WEST,2014-06-02,1/1/2000,100.0,100.0,
14040,Coyote Run Windfarm,WND,WEST,2028-01-01,12/31/2100,225.0,225.0,
14041,Sherbino Mesa Wind Farm 2,WND,WEST,2011-11-01,12/31/2100,150.0,150.0,19INR0120
14042,Scurry County Wind III,WND,WEST,2030-06-01,12/31/2100,350.0,350.0,
14043,Jackson Mountain,WND,WEST,2025-01-01,1/1/1999,90.0,90.0,
14044,Sterling Energy Center II,WND,WEST,2029-01-01,12/31/2100,300.0,300.0,
14045,Capricorn Ridge III,WND,WEST,2030-01-01,1/1/2000,249.0,249.0,
14046,Goat Wind 2,WND,WEST,2009-04-01,12/31/2070,69.6,69.6,
14047,Papalote Creek Wind 1,WND,SOUTH,2009-10-31,12/31/2100,179.85,179.85,
14048,Langford Wind Power,WND,WEST,2009-12-15,12/31/2100,150.0,150.0,
14049,Loraine Windpark (I-IV),WND,WEST,2009-12-01,12/31/2100,151.0,151.0,
14050,Panther Creek 3,WND,WEST,2009-11-01,12/31/2070,199.5,199.5,21INR0449
14051,Wolfe Flats,WND,WEST,2009-01-01,12/31/2070,1.0,1.0,
14052,Senate Wind Project,WND,NORTH,2012-12-01,12/31/2100,150.0,150.0,
14053,Cedro Hill Wind,WND,SOUTH,2010-10-01,12/31/2100,150.0,150.0,
14054,Penascal Wind Farm 2,WND,SOUTH,2010-07-01,12/31/2100,202.0,202.0,
14055,Baffin Wind (Penascal 3),WND,SOUTH,2015-03-01,12/31/2100,202.0,202.0,
14056,Papalote Creek Wind 2,WND,SOUTH,2010-06-01,12/31/2100,200.0,200.0,
14057,Cedar Elm Wind farm,WND,NORTH,2030-01-01,1/1/2000,136.0,136.0,
14058,Archer-Young wind Farm,WND,WEST,2030-01-01,1/1/2000,250.0,250.0,
14059,2W Whatley Phase 1,WND,WEST,2030-01-01,12/31/2100,45.0,45.0,
14060,2W Whatley Phase 2,WND,WEST,2025-01-01,12/31/2100,290.0,290.0,
14061,Los Vientos Wind Farm (La Palmas),WND,SOUTH,2013-01-01,1/1/2100,400.0,400.0,
14062,Magic Valley Wind Project (Willacy),WND,SOUTH,2012-08-23,1/1/2100,201.6,201.6,
14063,WKN Mozart WIND Farm,WND,WEST,2013-01-01,1/1/2100,30.0,30.0,
14064,Anacacho Windfarm,WND,SOUTH,2012-12-01,12/31/2100,100.0,100.0,
14065,Wake Wind Floyd County,WND,SOUTH,2030-01-01,12/31/2100,300.0,300.0,
14066,Kaiser Creek Windfarm,WND,SOUTH,2026-06-01,12/31/2100,101.0,101.0,18INR0042
14067,Trinity Hills,WND,SOUTH,2012-03-01,12/31/2100,225.0,225.0,20INR0019
14069,Stephens-Borlynn Wind Project 1,WND,WEST,2014-11-01,12/31/2100,211.0,211.0,
14070,Baker Ranch Wind,WND,WEST,2029-01-01,12/31/2100,400.0,400.0,
14071,Blue Summit Wind,WND,WEST,2013-01-01,12/31/2100,135.4,135.4,18INR0072
14072,Bobcat Bluff Wind,WND,WEST,2013-01-01,12/31/2100,150.0,150.0,18INR0078
14073,Harbor Wind,WND,SOUTH,2012-03-15,1/1/2100,9.0,9.0,
14074,Whitetail Wind Energy Project,WND,SOUTH,2013-01-01,1/1/2100,92.0,92.0,
14075,Midway Farms Wind,WND,SOUTH,2018-12-01,12/31/2100,161.0,161.0,11INR0054
14076,Mesquite Creek Wind,WND,WEST,2015-04-01,12/31/2100,249.0,249.0,
14077,Goldwaite Wind,WND,NORTH,2014-05-01,12/31/2100,150.0,150.0,
14078,Moore Wind I,WND,WEST,2050-01-01,12/31/2100,149.0,149.0,
14079,Conway Wind (Carson County),WND,WEST,2014-12-01,12/31/2100,211.0,211.0,
14080,Longhorn Energy Center,WND,WEST,2015-05-15,12/31/2100,200.0,200.0,
14081,Pattern Panhandle Wind I,WND,WEST,2014-07-10,12/31/2100,218.0,218.0,
14082,Mariah Wind 3,WND,WEST,2029-01-01,12/31/2100,218.0,218.0,13INR0010c
14083,Mariah Wind 1,WND,WEST,2016-10-15,12/31/2100,230.0,230.0,
14084,Windmill Capacity Wind III,WND,WEST,2030-01-01,12/31/2100,152.0,152.0,13INR0010a
14085,Shannon Wind South Clay,WND,WEST,2015-12-15,1/1/2100,202.0,202.0,
14086,Spinning Spur Wind Two,WND,WEST,2014-06-01,1/1/2100,161.0,161.0,
14087,Miami Wind 1 Project,WND,WEST,2014-08-01,1/1/2100,288.0,288.0,
14088,Hereford Wind,WND,WEST,2014-12-01,12/31/2100,200.0,200.0,
14089,Sendero Wind,WND,SOUTH,2016-01-01,12/31/2100,78.0,78.0,
14090,Patriot Wind Petronila,WND,SOUTH,2019-03-08,12/31/2100,226.0,226.0,11INR0062
14091,Keechi Creek Wind,WND,NORTH,2015-02-13,12/31/2100,102.0,102.0,
14092,Windthorst II,WND,NORTH,2015-01-01,12/31/2100,65.0,65.0,
14093,Rattlesnake Den Wind A,WND,WEST,2015-10-01,12/31/2100,211.0,211.0,
14094,Cameron County Wind,WND,SOUTH,2015-12-15,12/31/2100,165.0,165.0,
14095,Comanche Run Wind,WND,WEST,2029-10-01,12/31/2100,500.0,500.0,12INR0029
14096,Hereford Wind Phase II (Jumbo Road),WND,WEST,2015-05-01,1/1/2100,300.0,300.0,
14097,Pampa Wind Project,WND,WEST,2030-01-01,1/1/2100,500.0,500.0,
14098,Route66 Wind,WND,WEST,2015-08-01,1/1/2100,150.0,150.0,
14099,Los Vientos III,WND,SOUTH,2015-03-01,1/1/2100,200.0,200.0,
14100,Los Vientos IV,WND,SOUTH,2016-08-15,1/1/2100,200.0,200.0,
14101,Miami Wind 2,WND,WEST,2027-01-01,1/1/2100,111.0,111.0,
14102,Rattlesnake Den Wind B,WND,WEST,2030-01-01,1/1/2100,158.0,158.0,
14103,South Plains Wind I,WND,SOUTH,2015-11-15,1/1/2100,200.0,200.0,
14104,South Plains Wind II,WND,SOUTH,2016-05-20,1/1/2100,300.0,300.0,
14105,Spinning Spur Wind Three,WND,WEST,2015-10-01,1/1/2100,194.0,194.0,
14106,Logans Gap Wind I,WND,WEST,2015-05-01,1/1/2100,200.0,200.0,
14107,Green Pastures Wind,WND,SOUTH,2015-05-01,1/1/2100,150.0,150.0,
14108,Pattern Panhandle 2,WND,WEST,2014-12-01,12/31/2100,182.0,182.0,
14109,Stephens-Borlynn Wind Project 2,WND,WEST,2015-05-01,12/31/2100,177.0,177.0,
14110,Windmill Capacity Wind I,WND,WEST,2024-06-01,12/31/2100,200.0,200.0,13INR0010def
14111,Scandia Wind 2,WND,WEST,2029-01-01,12/31/2100,200.0,200.0,
14112,Scandia Wind 3,WND,WEST,2030-01-01,12/31/2100,200.0,200.0,
14113,Wake Wind Energy,WND,WEST,2016-08-10,12/31/2100,257.0,257.0,
14114,Briscoe Wind Farm,WND,WEST,2015-11-01,12/31/2100,150.0,150.0,
14115,Windmill Capacity Wind II,WND,WEST,2024-12-01,12/31/2100,150.0,150.0,13INR0025
14116,Colbecs Corner Wind,WND,WEST,2016-08-08,12/31/2100,200.0,200.0,
14117,Los Vientos V,WND,SOUTH,2016-01-01,1/1/2100,110.0,110.0,
14118,Hale County Wind I,WND,WEST,2030-01-01,1/1/2100,200.0,200.0,
14119,Hale County Wind II,WND,WEST,2030-01-01,1/1/2100,200.0,200.0,
14120,Hale County Wind III,WND,WEST,2030-01-01,1/1/2100,200.0,200.0,
14121,Nazareth Solar,SOL,WEST,2024-06-01,12/31/2100,200.0,200.0,16INR0049
14122,Electra Wind,WND,WEST,2016-11-15,12/31/2100,230.0,230.0,
14123,Horse Creek TX Wind,WND,WEST,2016-10-21,12/31/2100,230.0,230.0,
14124,Changing Winds Project,WND,WEST,2030-01-01,12/31/2100,288.0,288.0,
14125,Longhorn Capacity Wind,WND,WEST,2030-01-01,12/31/2100,160.0,160.0,14INR0023b
14126,Pumpkin Wind Floyd County,WND,WEST,2028-01-01,12/31/2100,280.0,280.0,16INR0037c
14128,Flat Top Wind,WND,WEST,2018-02-01,12/31/2100,200.0,200.0,15INR0082
14129,Silver Canyon Wind,WND,WEST,2024-01-01,12/31/2100,200.0,200.0,12INR0002a
14130,Amazon Wind Dermott,WND,WEST,2017-07-10,12/31/2100,253.0,253.0,
14131,Coyote Wind,WND,WEST,2020-11-24,12/31/2100,243.0,243.0,17INR0027b
14132,Goodnight Wind,WND,WEST,2030-01-01,12/31/2100,500.0,500.0,14INR0033
14133,Chocolate Bayou,WND,HOUSTON,2030-01-01,12/31/2100,150.0,150.0,16INR0074
14134,Cactus Flats Wind,WND,WEST,2018-07-01,1/1/2100,150.0,150.0,16INR0086
14135,BearKat Wind A,WND,WEST,2017-12-15,1/1/2100,197.0,197.0,15INR0064
14136,BearKat Wind B,WND,WEST,2020-05-04,1/1/2100,163.0,163.0,15INR0064b
14137,Grandview W 3,WND,WEST,2022-12-01,1/1/2100,188.0,188.0,17INR0036
14138,Canadian Breaks Wind,WND,WEST,2019-06-15,1/1/2100,201.0,201.0,13INR0026
14139,Salt Fork Wind Expansion,WND,WEST,2030-01-01,1/1/2100,54.0,54.0,16INR0121
14140,Live Oak Wind,WND,WEST,2019-01-01,1/1/2100,201.0,201.0,12INR0060
14142,Tahoka Wind,WND,WEST,2018-11-15,12/31/2100,300.0,300.0,18INR0025
14143,Gopher Creek Wind,WND,WEST,2019-06-15,1/1/2101,155.0,155.0,18INR0067
14144,Rio Bravo I Wind,WND,SOUTH,2019-03-01,12/31/2100,238.0,238.0,17INR0005
14145,Edmondson Ranch Wind,WND,WEST,2022-10-31,12/31/2100,301.3,301.3,18INR0043
14146,Heart of Texas Wind,WND,WEST,2020-06-03,12/31/2100,180.0,180.0,18INR0016
14147,Hidalgo Wind II,WND,SOUTH,2019-12-01,1/1/2100,50.0,50.0,19INR0053
14148,Loraine Windpark Phase III,WND,WEST,2024-12-01,1/1/2100,100.0,100.0,18INR0068
14149,Fowlerton Capacity Wind,WND,SOUTH,2026-06-01,1/1/2100,200.0,200.0,16INR0112
14150,Seymour Hills Wind,WND,WEST,2019-05-01,1/1/2100,30.0,30.0,12INR0055
14151,Sage Draw Wind,WND,WEST,2020-01-08,1/1/2100,338.0,338.0,19INR0163
14152,Foard City Wind,WND,WEST,2019-08-01,1/1/2100,350.0,350.0,19INR0019
14153,Amadeus Wind,WND,WEST,2020-11-13,1/1/2100,250.0,250.0,14INR0009
14154,Ranchero Wind,WND,WEST,2019-08-01,1/1/2100,300.0,300.0,20INR0011
14155,Karankawa Wind,WND,SOUTH,2019-11-01,1/1/2100,200.0,200.0,18INR0014
14156,Karankawa Wind 2,WND,SOUTH,2019-11-15,1/1/2100,108.0,108.0,19INR0074
14157,Palmas Altas Wind,WND,SOUTH,2020-01-01,1/1/2100,145.0,145.0,17INR0037
14158,Peyton Creek Wind,WND,SOUTH,2019-11-20,1/1/2100,150.0,150.0,18INR0018
14159,Blue Summit Wind II,WND,WEST,2018-12-15,1/1/2100,102.0,102.0,18INR0070
14160,Hardeman Wind NextEra,WND,WEST,2020-01-08,1/1/2100,200.0,200.0,19INR0182
14161,Oersted Capacity Wind,WND,WEST,2030-01-01,1/1/2100,201.0,201.0,18INR0023
14162,Easter Wind,WND,WEST,2030-10-01,1/1/2100,308.0,308.0,15INR0063
14163,Jumbo Hill Wind,WND,WEST,2020-02-01,1/1/2100,160.0,160.0,18INR0038
14164,Kontiki 1 Wind,WND,WEST,2023-06-01,1/1/2100,255.0,255.0,19INR0099a
14165,Kontiki 2 Wind,WND,WEST,2023-06-01,1/1/2100,255.0,255.0,19INR0099b
14166,Las Majadas Wind,WND,SOUTH,2020-11-10,1/1/2100,273.0,273.0,17INR0035
14167,Mesteno Wind,WND,SOUTH,2020-01-08,1/1/2100,202.0,202.0,16INR0081
14168,High Lonesome Wind,WND,WEST,2019-12-01,1/1/2100,450.0,450.0,19INR0038
14169,Helena Wind,WND,SOUTH,2022-10-01,1/1/2100,250.0,250.0,20INR0129
14170,Bee County Wind II,WND,SOUTH,2024-12-01,1/1/2100,200.0,200.0,
14171,Black Angus Wind,WND,WEST,2024-09-01,1/1/2100,250.0,250.0,
14172,Santa Rita East,WND,WEST,2019-05-05,1/1/2100,300.0,300.0,18INR0033
14173,El Campo Wind,WND,WEST,2020-08-25,1/1/2100,242.0,242.0,19INR0051
14174,Truscott Gilliland Wind,WND,WEST,2021-12-01,1/1/2100,336.0,336.0,19INR0052
14175,Maverick Creek I,WND,WEST,2020-11-01,1/1/2100,373.0,373.0,20INR0045
14176,East Raymond Wind,WND,COASTAL,2020-12-01,1/1/2100,202.0,202.0,18INR0059
14177,Cranel Wind,WND,COASTAL,2020-05-15,1/1/2100,220.0,220.0,19INR0112
14178,Armstrong Wind,WND,PANHANDLE,2024-06-01,1/1/2100,253.0,253.0,18INR0029
14179,Prairie Hill Wind,WND,NORTH,2020-12-15,1/1/2100,300.0,300.0,19INR0100
14180,Canyon Wind,WND,WEST,2022-10-31,1/1/2100,201.8,201.8,18INR0030
14181,Maverick Creek II,WND,WEST,2021-02-01,1/1/2100,119.0,119.0,20INR0046
14182,Chalupa Wind,WND,COASTAL,2020-11-20,1/1/2100,198.0,198.0,20INR0042
14183,Hart Wind,WND,PANHANDLE,2023-06-01,1/1/2100,150.0,150.0,16INR0033
14184,West Willacy 2 W,WND,COASTAL,2026-06-01,1/1/2100,200.0,200.0,19INR0022
14185,Buenos Aires 2 W,WND,SOUTH,2026-06-01,1/1/2100,200.0,200.0,19INR0049
14186,Los Porciones I,WND,SOUTH,2026-06-01,1/1/2100,200.0,200.0,19INR0132
14187,Barranca Wind,WND,SOUTH,2026-06-01,1/1/2100,200.0,200.0,19INR0165
14188,Pawnee Capacity Wind,WND,SOUTH,2028-01-01,1/1/2100,504.0,504.0,
14189,Reloj Del Sol Wind,WND,SOUTH,2021-01-01,1/1/2100,202.0,202.0,17INR0025
14190,Venado Wind,WND,SOUTH,2020-12-01,1/1/2100,200.0,200.0,16INR0111
14191,Whitehorse Wind,WND,WEST,2020-01-08,1/1/2100,419.0,419.0,19INR0080
14192,White Mesa Wind,WND,WEST,2021-06-30,1/1/2100,152.3,152.3,19INR0128
14193,Fort McKavett Wind,WND,WEST,2026-01-01,1/1/2100,300.0,300.0,20INR0154
14194,Griffin Trail Wind,WND,WEST,2021-06-30,1/1/2100,225.0,225.0,20INR0052
14195,Baird North Wind,WND,WEST,2021-09-30,1/1/2100,351.0,351.0,20INR0083
14196,West Raymond Wind,WND,COASTAL,2021-03-01,1/1/2100,240.0,240.0,20INR0088
14197,High Lonesome Wind Phase II,WND,WEST,2020-02-15,1/1/2100,50.0,50.0,20INR0262
14198,Maryneal Wind,WND,WEST,2021-06-26,1/1/2100,182.0,182.0,18INR0031
14199,Shamrock Wind,WND,WEST,2050-11-30,1/1/2100,348.0,348.0,19INR0096
14200,Pease River Wind,WND,WEST,2029-10-01,1/1/2100,300.0,300.0,19INR0098
14201,Aquilla Lake Wind,WND,NORTH,2021-11-12,1/1/2100,202.0,202.0,19INR0145
14202,Barranca Wind II,WND,SOUTH,2029-10-01,1/1/2100,201.0,201.0,19INR0179
14203,Lutum Wind,WND,WEST,2026-10-01,1/1/2100,242.0,242.0,20INR0029
14204,Blackjack Creek Wind,WND,SOUTH,2022-03-01,1/1/2100,240.0,240.0,20INR0068
14205,Western Trail Wind,WND,WEST,2021-08-04,1/1/2100,367.0,367.0,20INR0142
14206,Tiger Wind,WND,WEST,2029-10-01,1/1/2100,300.0,300.0,20INR0153
14207,Aquilla Lake Wind II,WND,NORTH,2021-11-12,1/1/2100,100.0,100.0,20INR0256
14208,Monarch Creek Wind,WND,WEST,2023-12-01,1/1/2100,350.0,350.0,21INR0263
14209,Wildcat Creek Wind,WND,NORTH,2021-04-01,1/1/2100,180.0,180.0,20INR0033
14210,El Algodon Alto W,WND,COASTAL,2022-03-01,12/31/2100,201.0,201.0,15INR0034
14211,Big Sampson Wind,WND,WEST,2025-01-01,12/31/2100,400.0,400.0,16INR0104
14213,Roadrunner Crossing Wind 1,WND,NORTH,2023-01-01,12/31/2100,200.0,200.0,19INR0117
14214,Priddy Wind,WND,NORTH,2021-11-30,12/31/2100,300.0,300.0,16INR0085
14215,Vortex Wind,WND,WEST,2022-04-01,12/31/2100,350.0,350.0,20INR0120
14216,Carol Wind,WND,PANHANDLE,2024-06-01,12/31/2100,169.0,169.0,20INR0217
14217,Aguayo Wind,WND,NORTH,2024-12-01,12/31/2100,196.0,196.0,20INR0250
14218,Monarch Creek Wind II,WND,WEST,2029-01-01,12/31/2100,452.0,452.0,21INR0264
14219,El Suaz Ranch,WND,COASTAL,2022-09-30,12/31/2100,302.0,302.0,20INR0097
14220,Anchor Wind,WND,NORTH,2022-02-21,12/31/2100,115.0,115.0,21INR0387
14221,Grimes County Solar,SOL,NORTH,2025-03-15,1/1/2100,210.0,210.0,23INR0160
14222,Howle Solar,SOL,NORTH,2027-01-01,1/1/2100,60.0,60.0,20INR0075
14223,Gransolar Texas One,SOL,SOUTH,2026-02-01,1/1/2100,61.0,61.0,22INR0511
14224,Matagorda Solar,SOL,COASTAL,2026-10-01,1/1/2100,101.0,101.0,22INR0342
14225,Talitha Solar,SOL,SOUTH,2024-06-30,1/1/2100,131.0,131.0,21INR0393
14226,Garcitas Creek Solar,SOL,SOUTH,2025-04-01,1/1/2100,202.0,202.0,23INR0223
14227,XE MURAT Solar,SOL,HOUSTON,2024-05-15,1/1/2100,60.0,60.0,22INR0354
14228,Lavaca Bay Solar,SOL,COASTAL,2024-12-15,1/1/2100,243.5,243.5,23INR0084
14229,Ray Gulf Wind,WND,SOUTH,2028-01-01,1/1/2100,207.0,207.0,22INR0517
14230,Donegal Solar,SOL,PANHANDLE,2026-12-01,1/1/2100,204.0,204.0,23INR0089
14231,Siete Wind Lobo,WND,SOUTH,2026-10-31,1/1/2100,375.0,375.0,20INR0047
20254,Quail Run 3,NCC,WEST,2030-01-01,12/31/2070,275.0,275.0,
20255,Mountain Creek Expansion,STg+,NORTH,2030-01-01,1/1/2100,700.0,700.0,
20258,J T Deely 3,STc+,SOUTH,2050-01-01,1/1/2018,80.0,80.0,
22097,Texas Offshore Wind 1 Placeholder,WND,COASTAL,2033-11-01,1/1/2100,800.0,800.0,
22098,Texas Offshore Wind 2 Placeholder,WND,HOUSTON,2033-11-01,1/1/2100,800.0,800.0,
22099,Texas Offshore Wind 3 Placeholder,WND,HOUSTON,2033-11-01,1/1/2100,800.0,800.0,
22116,Snyder Gravity Energy Storage,PS,WEST,2025-12-01,1/1/2100,18.0,18.0,
22117,El Patrimonio Solar,SOL,SOUTH,2025-05-01,1/1/2100,145.0,145.0,23INR0207
22118,Bexar County BESS,PS,SOUTH,2024-12-01,1/1/2100,50.0,50.0,
23700,Azure Sky Solar,SOL,WEST,2021-06-01,12/31/2100,228.0,228.0,21INR0477
23701,Juno Solar (Phase II),SOL,WEST,2021-06-01,12/31/2100,147.0,147.0,21INR0501
23702,Blue Hills Wind,WND,WEST,2029-01-01,12/31/2100,254.0,254.0,20INR0271
23703,Hutt Wind,WND,WEST,2024-01-01,12/31/2100,336.0,336.0,21INR0005
23704,Apogee Wind,WND,WEST,2022-03-01,12/31/2100,452.0,452.0,21INR0467
23705,Brightside Solar,SOL,SOUTH,2021-12-14,12/31/2100,50.0,50.0,18INR0060
23706,Pine Forest Solar,SOL,NORTH,2025-06-01,12/31/2100,284.0,284.0,20INR0203
23707,Old Hickory Solar,SOL,SOUTH,2023-06-01,12/31/2100,206.0,206.0,20INR0236
23708,Kellam Solar,SOL,NORTH,2020-12-01,12/31/2100,60.0,60.0,20INR0261
23709,Tres Bahias Solar,SOL,COASTAL,2022-11-21,12/31/2100,195.0,195.0,20INR0266
23710,Vancourt Solar,SOL,COASTAL,2022-05-01,12/31/2100,45.7,45.7,21INR0213
23711,Sbranch Solar Project,SOL,SOUTH,2022-07-01,12/31/2100,233.5,233.5,22INR0205
23712,Corazon Solar Phase II,SOL,SOUTH,2025-12-01,12/31/2100,204.0,204.0,22INR0257
23713,Sparta Solar,SOL,SOUTH,2022-10-15,12/31/2100,256.0,256.0,22INR0352
23714,Charger Solar,SOL,COASTAL,2023-06-01,12/31/2100,408.0,408.0,23INR0047
23715,Blue Jay Solar,SOL,NORTH,2021-12-30,12/31/2100,210.0,210.0,19INR0085
23716,Solemio Solar,SOL,NORTH,2023-01-01,12/31/2100,81.0,81.0,19INR0093
23717,Vision Solar 1,SOL,NORTH,2021-11-05,12/31/2100,129.0,129.0,20INR0082
23718,Rueter Solar,SOL,NORTH,2024-01-01,12/31/2100,200.0,200.0,20INR0202
23719,Noble Solar,SOL,NORTH,2022-06-01,12/31/2100,279.0,279.0,20INR0214
23720,Starr Solar Ranch,SOL,SOUTH,2023-06-01,12/31/2100,136.0,136.0,20INR0216
23721,Tyson Nick Solar,SOL,NORTH,2026-06-01,12/31/2100,90.0,90.0,20INR0222
23722,Second Division Solar,SOL,COASTAL,2026-06-01,12/31/2100,100.0,100.0,20INR0248
23723,Red Holly Solar,SOL,WEST,2026-01-01,12/31/2100,260.0,260.0,21INR0022
23724,Indigo Solar,SOL,WEST,2027-01-01,12/31/2100,125.0,125.0,21INR0031
23725,Samson Solar 1,SOL,NORTH,2021-09-10,12/31/2100,250.0,250.0,21INR0221
23726,Carol Solar,SOL,PANHANDLE,2026-05-01,12/31/2100,223.0,223.0,21INR0274
23727,7V Solar,SOL,SOUTH,2024-01-01,12/31/2100,246.0,246.0,21INR0351
23728,Concho Valley Solar,SOL,WEST,2022-09-01,12/31/2100,160.0,160.0,21INR0384
23729,Red-tailed Hawk Solar,SOL,SOUTH,2023-03-31,12/31/2100,355.0,355.0,21INR0389
23730,Samson Solar 2,SOL,NORTH,2023-06-30,12/31/2100,200.0,200.0,21INR0490
23731,Samson Solar 3,SOL,NORTH,2022-04-01,12/31/2100,250.0,250.0,21INR0491
23732,Texana Solar,SOL,SOUTH,2028-06-01,12/31/2100,152.0,152.0,18INR0058
23733,Hill Solar,SOL,NORTH,2028-06-01,12/31/2100,80.0,80.0,19INR0135
23734,Castro Solar,SOL,PANHANDLE,2025-04-01,12/31/2100,223.0,223.0,20INR0050
23735,Signal Solar,SOL,NORTH,2025-01-01,12/31/2100,50.0,50.0,20INR0208
23736,Hopkins Solar,SOL,NORTH,2024-01-01,12/31/2100,252.0,252.0,20INR0210
23737,Dawn Solar,SOL,PANHANDLE,2027-01-01,12/31/2100,516.0,516.0,20INR0255
23738,Zier Solar,SOL,SOUTH,2026-01-01,12/31/2100,160.0,160.0,21INR0019
23739,Tulsita Solar,SOL,SOUTH,2028-06-01,12/31/2100,258.0,258.0,21INR0223
23740,Spanish Crown,SOL,NORTH,2022-07-15,12/31/2100,103.0,103.0,21INR0323
23741,Space City Solar,SOL,SOUTH,2022-05-06,12/31/2100,610.0,610.0,21INR0341
23742,Wilmeth Solar,SOL,SOUTH,2028-06-01,12/31/2100,160.0,160.0,21INR0355
23743,Grandslam Solar,SOL,SOUTH,2027-01-01,12/31/2100,228.0,228.0,21INR0391
23744,SunRay,SOL,SOUTH,2028-06-01,12/31/2100,200.0,200.0,21INR0395
23745,Cane Flats Solar,SOL,SOUTH,2028-06-01,12/31/2100,128.0,128.0,21INR0403
23746,Delilah Solar 1,SOL,NORTH,2022-09-05,12/31/2100,300.0,300.0,22INR0202
23747,Delilah Solar 2,SOL,NORTH,2023-06-30,12/31/2100,310.0,310.0,22INR0203
23748,Dragan Solar,SOL,NORTH,2029-06-01,12/31/2100,411.0,411.0,22INR0237
23749,Pisgah Ridge Solar,SOL,NORTH,2027-01-01,12/31/2100,254.0,254.0,22INR0254
23750,Loma Pinta Solar,SOL,SOUTH,2028-06-01,12/31/2100,203.0,203.0,22INR0357
23751,Outpost Solar,SOL,SOUTH,2029-06-01,12/31/2100,514.0,514.0,23INR0007
23752,Delilah Solar 3,SOL,NORTH,2023-06-30,12/31/2100,200.0,200.0,23INR0042
23753,Delilah Solar 4,SOL,NORTH,2023-06-30,12/31/2100,90.0,90.0,23INR0060
23754,Pinnington Solar,SOL,NORTH,2029-06-01,12/31/2100,650.0,650.0,24INR0010
23755,Big Star Solar,SOL,SOUTH,2023-01-17,12/31/2100,203.0,203.0,21INR0413
23900,OCI Alamo 3,SOL,SOUTH,2014-12-15,12/31/2100,5.5,5.5,
23901,OCI Alamo 5,SOL,SOUTH,2016-04-01,12/31/2100,105.0,105.0,
23902,OCI Alamo 6,SOL,WEST,2016-09-01,12/31/2100,110.0,110.0,
23903,OCI Alamo 7,SOL,WEST,2016-09-01,12/31/2100,100.0,100.0,
23904,First Solar Girvin Solar,SOL,WEST,2016-12-01,12/31/2100,120.0,120.0,
23905,Oak Solar Buckthorn (Riggins),SOL,WEST,2018-02-01,12/31/2100,150.0,150.0,15INR0045
23906,Maplewood Solar,SOL,WEST,2021-05-19,12/31/2100,222.0,222.0,17INR0020a
23907,West Ercot ZONAL Solar,SOL,WEST,2025-06-01,12/31/2100,100.0,100.0,
23908,South Ercot ZONAL Solar,SOL,SOUTH,2026-06-01,12/31/2100,50.0,50.0,
23909,North Ercot ZONAL Solar,SOL,NORTH,2020-10-01,12/31/2100,50.0,50.0,
23910,West of Pecos Solar,SOL,WEST,2019-11-08,1/1/2100,100.0,100.0,14INR0044
23911,Midway Solar Bakersfield,SOL,WEST,2018-12-01,1/1/2101,182.0,182.0,16INR0115
23912,Roadrunner Solar I,SOL,WEST,2019-12-15,12/31/2100,200.0,200.0,19INR0102
23913,Long Draw Solar,SOL,WEST,2020-11-11,12/31/2100,227.0,227.0,18INR0055
23914,West of Odessa 345 Capacity Solar,SOL,WEST,2024-10-01,12/31/2100,300.0,300.0,
23915,King Mountain Solar,SOL,WEST,2024-10-01,12/31/2100,300.0,300.0,19INR0002
23916,Prospero Solar,SOL,WEST,2020-06-30,1/1/2100,300.0,300.0,19INR0092
23917,Lapetus Solar,SOL,WEST,2025-01-01,1/1/2100,35.0,35.0,
23918,Wink Solar,SOL,WEST,2024-01-01,1/1/2100,150.0,150.0,19INR0031
23919,Aragorn Solar,SOL,WEST,2021-10-31,1/1/2100,186.0,186.0,19INR0088
23920,Phoebe Solar,SOL,WEST,2019-07-01,1/1/2100,250.0,250.0,19INR0029
23921,Misae Solar,SOL,WEST,2019-10-20,1/1/2100,240.0,240.0,18INR0045
23922,Roadrunner Solar II,SOL,WEST,2020-07-06,1/1/2100,200.0,200.0,20INR0298
23923,Oberon Solar,SOL,WEST,2020-05-06,1/1/2100,180.0,180.0,19INR0083
23924,Rambler Solar,SOL,WEST,2020-06-01,1/1/2100,200.0,200.0,19INR0114
23925,Soda Lake Solar 1,SOL,WEST,2024-01-01,1/1/2100,200.0,200.0,18INR0040
23926,Soda Lake Solar 2,SOL,WEST,2023-05-31,1/1/2100,200.0,200.0,20INR0143
23927,Taygete Solar,SOL,WEST,2020-12-03,1/1/2100,255.0,255.0,20INR0054
23928,Cutlass Solar,SOL,HOUSTON,2022-09-01,1/1/2100,102.0,102.0,19INR0131
23929,Fighting Jays Solar,SOL,HOUSTON,2022-06-01,1/1/2100,350.0,350.0,21INR0278
23930,RE Maplewood 2b Solar,SOL,WEST,2021-05-19,1/1/2100,28.0,28.0,17INR0020b
23931,RE Maplewood 2c Solar,SOL,WEST,2025-01-01,1/1/2100,100.0,100.0,17INR0020c
23932,RE Maplewood 2d Solar,SOL,WEST,2026-01-01,1/1/2100,100.0,100.0,17INR0020d
23933,RE Maplewood 2e Solar,SOL,WEST,2027-01-01,1/1/2100,100.0,100.0,17INR0020e
23934,Fowler Ranch,SOL,WEST,2020-08-08,1/1/2100,150.0,150.0,18INR0039
23935,Holstein Solar,SOL,WEST,2020-03-27,1/1/2100,204.0,204.0,19INR0009
23936,Rayos Del Sol,SOL,COASTAL,2022-06-01,1/1/2100,137.5,137.5,19INR0045
23937,Shakes Solar,SOL,SOUTH,2022-08-01,1/1/2100,206.0,206.0,19INR0073
23938,Oxy Solar,SOL,WEST,2019-07-15,1/1/2100,16.2,16.2,19INR0184
23939,Lapetus Solar 2,SOL,WEST,2019-12-15,1/1/2100,100.0,100.0,19INR0185
23940,Juno Solar,SOL,WEST,2021-05-01,1/1/2100,166.0,166.0,21INR0026
23941,Samson Solar Lamar,SOL,NORTH,2024-01-01,1/1/2100,200.0,200.0,21INR0008
23942,Mustang Creek Solar,SOL,SOUTH,2022-06-30,1/1/2100,150.0,150.0,18INR0050
23943,Fort Bend Solar,SOL,HOUSTON,2022-05-01,1/1/2100,240.0,240.0,18INR0053
23944,Wagyu Solar,SOL,COASTAL,2020-07-01,1/1/2100,122.0,122.0,18INR0062
23945,Texas Solar Nova,SOL,WEST,2023-12-01,1/1/2100,252.0,252.0,19INR0001
23946,Greasewood Solar,SOL,WEST,2020-11-04,1/1/2100,255.0,255.0,19INR0034
23947,Norton Solar,SOL,WEST,2023-06-01,1/1/2100,125.0,125.0,19INR0035
23948,Lily Solar,SOL,NORTH,2021-06-30,1/1/2100,146.0,146.0,19INR0044
23949,Anson Solar 1,SOL,WEST,2021-01-01,1/1/2100,201.0,201.0,19INR0081
23950,Rodeo Solar,SOL,WEST,2025-01-01,1/1/2100,200.0,200.0,19INR0103
23951,Galloway Solar,SOL,WEST,2021-07-01,1/1/2100,250.0,250.0,19INR0121
23952,Impact Solar,SOL,NORTH,2020-11-17,1/1/2100,199.0,199.0,19INR0151
23953,Morrow Lake Solar,SOL,SOUTH,2022-09-01,1/1/2100,200.0,200.0,19INR0155
23954,Garnet Solar,SOL,SOUTH,2029-01-01,1/1/2100,20.0,20.0,20INR0021
23955,Rippey Solar,SOL,NORTH,2020-12-01,1/1/2100,60.0,60.0,20INR0031
23956,IP Titan Solar,SOL,WEST,2021-04-08,1/1/2100,270.0,270.0,20INR0032
23957,Misae Solar II,SOL,PANHANDLE,2023-04-01,1/1/2100,500.0,500.0,20INR0091
23958,Taygete II Solar,SOL,WEST,2021-12-06,1/1/2100,203.8,203.8,21INR0233
23959,Horizon Solar,SOL,SOUTH,2023-12-31,1/1/2100,204.0,204.0,21INR0261
23960,Elara Solar,SOL,SOUTH,2021-12-01,1/1/2100,132.0,132.0,21INR0276
23961,Santa Rita Solar,SOL,WEST,2029-10-01,1/1/2100,400.0,400.0,18INR0049
23962,Angelina Solar,SOL,NORTH,2029-10-01,1/1/2100,150.0,150.0,19INR0110
23963,Tom Green Solar 138kv,SOL,WEST,2029-10-01,1/1/2100,150.0,150.0,19INR0111
23964,March Road Solar,SOL,WEST,2029-10-01,1/1/2100,200.0,200.0,19INR0147
23965,Frye Solar,SOL,PANHANDLE,2025-10-01,1/1/2100,500.0,500.0,20INR0080
23966,Strategic Energy Solar,SOL,NORTH,2021-11-01,1/1/2100,135.0,135.0,20INR0081
23967,Plainview Solar,SOL,SOUTH,2020-11-01,1/1/2100,514.0,514.0,20INR0130
23968,Diamondback Solar,SOL,SOUTH,2029-10-01,1/1/2100,201.0,201.0,20INR0162
23969,Roseland Solar,SOL,NORTH,2022-07-14,1/1/2100,500.0,500.0,20INR0205
23970,Eunice Solar,SOL,WEST,2021-01-08,1/1/2100,420.0,420.0,20INR0219
23971,Anson Solar II,SOL,WEST,2024-05-01,1/1/2100,200.0,200.0,20INR0242
23972,Smithland Texas Solar,SOL,SOUTH,2029-10-01,1/1/2100,200.0,200.0,21INR0203
23973,Radian Solar,SOL,NORTH,2023-01-01,1/1/2100,375.0,375.0,21INR0205
23974,Equinox Solar 1,SOL,SOUTH,2029-10-01,1/1/2100,200.0,200.0,21INR0226
23975,Anson Solar III,SOL,WEST,2028-05-01,1/1/2100,200.0,200.0,21INR0247
23976,Old 300 Solar Center,SOL,HOUSTON,2022-03-01,1/1/2100,438.8,438.8,21INR0406
23977,Mockingbird Solar,SOL,NORTH,2029-10-01,1/1/2100,200.0,200.0,21INR0419
23978,Armadillo Solar,SOL,NORTH,2026-03-01,1/1/2100,200.0,200.0,21INR0421
23979,Point Mountain Solar,SOL,WEST,2029-10-01,1/1/2100,500.0,500.0,22INR0236
23980,Corazon Solar,SOL,SOUTH,2021-06-30,12/31/2100,200.0,200.0,15INR0044
23981,Myrtle Solar,SOL,COASTAL,2022-12-31,12/31/2100,321.0,321.0,19INR0041
23982,Long Point Solar,SOL,COASTAL,2026-01-01,12/31/2100,100.0,100.0,19INR0042
23983,Phoenix Solar,SOL,NORTH,2021-04-30,12/31/2100,82.0,82.0,19INR0091
23984,Flatland Solar,SOL,WEST,2025-01-01,12/31/2100,147.0,147.0,19INR0129
23985,Cottonwood Bayou,SOL,COASTAL,2025-01-01,12/31/2100,150.0,150.0,19INR0134
23986,Sun Valley,SOL,NORTH,2022-12-29,12/31/2100,250.0,250.0,19INR0169
23987,Coniglio Solar,SOL,NORTH,2021-06-18,12/31/2100,126.0,126.0,20INR0037
23988,Bravepost Solar,SOL,WEST,2023-05-31,12/31/2100,200.0,200.0,20INR0053
23989,Danish Fields Solar,SOL,SOUTH,2023-06-30,12/31/2100,201.0,201.0,20INR0069
23990,Danciger Solar,SOL,COASTAL,2022-06-01,12/31/2100,203.0,203.0,20INR0098
23991,Westoria Solar,SOL,COASTAL,2022-10-01,12/31/2100,203.0,203.0,20INR0101
23992,BlueBell Solar II,SOL,WEST,2021-03-01,12/31/2100,115.0,115.0,20INR0204
23993,Timberwolf POI A,SOL,WEST,2025-01-01,12/31/2100,150.0,150.0,20INR0226
23994,Crowded Star Solar,SOL,WEST,2023-10-03,12/31/2100,218.0,218.0,20INR0241
23995,Danish Fields II,SOL,SOUTH,2023-06-01,12/31/2100,201.0,201.0,21INR0016
23996,Danish Fields III,SOL,SOUTH,2023-06-01,12/31/2100,201.0,201.0,21INR0017
23997,Green Holly Solar,SOL,WEST,2027-01-01,12/31/2100,414.0,414.0,21INR0021
23998,Prospero Solar II,SOL,WEST,2021-04-20,12/31/2100,250.0,250.0,21INR0229
23999,Galloway 2 Solar,SOL,WEST,2023-06-01,12/31/2100,110.0,110.0,21INR0431
24001,Pflugerville Solar,SOL,SOUTH,2021-07-15,1/1/2100,144.0,144.0,15INR0090
24002,FRV AE Solar- Webberville,SOL,SOUTH,2011-12-20,1/1/2100,30.0,30.0,
24008,Rabel Road Solar,SOL,SOUTH,2012-06-19,1/1/2100,9.9,9.9,
24009,Blue Wing Solar,SOL,SOUTH,2010-12-01,1/1/2100,14.86,14.86,
24010,Somerset Solar,SOL,SOUTH,2012-12-01,1/1/2100,10.56,10.56,
24011,Valley Road Solar,SOL,SOUTH,2012-06-19,1/1/2100,9.9,9.9,
24155,White Camp Solar,SOL,WEST,2040-01-01,12/31/2100,100.0,100.0,
24156,Bryan Solar,SOL,WEST,2013-12-01,12/31/2100,10.0,10.0,
24211,Mustang Solar Project,SOL,SOUTH,2030-01-01,1/1/2100,30.0,30.0,
24212,Acacia Solar Generating Facility,SOL,WEST,2013-06-01,1/1/2100,12.0,12.0,
24218,OCI Alamo 4,SOL,SOUTH,2014-08-01,1/1/2100,42.0,42.0,
24219,Barilla Solar,SOL,WEST,2014-09-01,1/1/2100,30.0,30.0,12INR0059b
24252,Alamo II St Hedwig Solar,SOL,SOUTH,2014-03-01,1/1/2101,4.4,4.4,
24253,Roserock Solar,SOL,WEST,2016-08-01,1/1/2100,160.0,160.0,
25050,Stockyard Grid Batt,PS,NORTH,2024-04-01,12/31/2100,150.6,150.6,21INR0492
25051,Coral Storage,PS,NORTH,2024-03-30,12/31/2100,101.0,101.0,23INR0124
25052,Air Products GCA,NGT,HOUSTON,2023-12-08,12/31/2100,14.0,14.0,21INR0012
25053,Zier Storage,PS,SOUTH,2024-02-01,12/31/2100,40.4,40.4,21INR0027
25054,Myrtle Storage,PS,COASTAL,2023-12-31,12/31/2100,155.0,155.0,21INR0442
25055,Sun Valley BESS,PS,NORTH,2023-09-15,12/31/2100,101.4,101.4,22INR0429
25056,Brotman III Power Station,NGT,COASTAL,2024-06-21,12/31/2100,102.0,102.0,23INR0613
25057,Pioneer DJ Wind,WND,WEST,2024-04-20,12/31/2100,140.0,140.0,23INR0387
25058,Goodnight Wind Capacity,WND,PANHANDLE,2024-12-31,12/31/2100,250.0,250.0,23INR0637
25059,Roadrunner Crossing Wind II,WND,NORTH,2023-12-31,12/31/2100,127.0,127.0,21INR0515
25060,Angelo Storage,PS,WEST,2024-05-03,12/31/2100,103.0,103.0,23INR0418
25061,Gulf Star Storage SLF,PS,SOUTH,2024-06-25,12/31/2100,301.0,301.0,23INR0460
25062,Big Elm Solar,SOL,NORTH,2024-08-01,12/31/2100,200.0,200.0,21INR0353
25063,Buckeye Corpus Fuels Solar,SOL,COASTAL,2025-02-22,12/31/2100,57.59,57.59,22INR0397
25065,Remy Jade GT 1-6,NGT,HOUSTON,2024-05-15,12/31/2100,408.0,408.0,23INR0339
25066,Five Wells Solar,SOL,NORTH,2023-12-01,12/31/2100,323.0,323.0,24INR0015
25067,Remy Jade GT 7-8,NGT,HOUSTON,2024-11-30,12/31/2100,104.0,104.0,24INR0382
25068,Danish Fields Storage,PS,SOUTH,2024-03-01,12/31/2100,152.4,152.4,21INR0450
25069,Duffy Solar,SOL,COASTAL,2026-11-01,12/31/2100,545.0,545.0,23INR0057
25070,Mandorla Solar,SOL,SOUTH,2024-12-01,12/31/2100,254.0,254.0,21INR0303
25071,Aureola Solar,SOL,SOUTH,2024-07-01,12/31/2100,203.0,203.0,21INR0302
25072,Stoneridge Solar,SOL,SOUTH,2024-12-15,12/31/2100,201.0,201.0,24INR0031
25073,Ulysses Solar,SOL,WEST,2026-01-01,12/31/2100,150.0,150.0,21INR0253
25074,Noria Solar DCC,SOL,COASTAL,2025-09-01,12/31/2100,145.0,145.0,23INR0061
25075,Bordertown BESS,PS,SOUTH,2025-01-31,12/31/2100,106.15,106.15,23INR0354
25076,Brazos Bend BESS,PS,HOUSTON,2024-04-01,12/31/2100,101.21,101.21,23INR0363
25077,Tierra Bonita Solar,SOL,WEST,2024-07-12,12/31/2100,309.68,309.68,21INR0424
25078,Desert Vine Solar,SOL,SOUTH,2024-12-01,12/31/2100,121.0,121.0,22INR0307
25079,Tanglewood Solar,SOL,COASTAL,2025-01-16,12/31/2100,257.0,257.0,23INR0054
25080,BRP Avila BESS,PS,WEST,2025-01-01,12/31/2100,165.0,165.0,23INR0287
25081,BRP Zeya BESS,PS,HOUSTON,2025-01-01,12/31/2100,257.0,257.0,23INR0290
25082,Citadel BESS,PS,HOUSTON,2024-09-01,12/31/2100,206.0,206.0,24INR0147
25083,St. Gall I Energy Storage,PS,WEST,2024-01-25,12/31/2100,102.6,102.6,22INR0524
25084,St. Gall II Energy Storage,PS,WEST,2026-06-01,12/31/2100,102.6,102.6,22INR0525
25085,Alila Solar,SOL,COASTAL,2026-06-01,12/31/2100,256.5,256.5,23INR0093
25086,Five Wells Storage,PS,NORTH,2024-02-01,12/31/2100,220.8,220.8,23INR0159
25087,TECO GTG2,NGT,HOUSTON,2024-01-04,12/31/2100,50.0,50.0,23INR0408
25088,SOHO BESS,PS,COASTAL,2025-01-01,12/31/2100,206.32,206.32,23INR0419
25089,Al Pastor BESS,PS,WEST,2024-09-02,12/31/2100,100.8,100.8,24INR0273
25090,Third Coast BESS,PS,SOUTH,2024-12-15,12/31/2100,101.0,101.0,23INR0361
25091,Seven Flags BESS,PS,SOUTH,2024-12-15,12/31/2100,101.0,101.0,23INR0351
25092,Honeycomb Solar,SOL,SOUTH,2025-06-01,12/31/2100,61.0,61.0,22INR0559
25093,Adamstown Storage,PS,WEST,2027-06-01,12/31/2100,117.0,117.0,21INR0209
25094,Adamstown Solar,SOL,WEST,2027-06-01,12/31/2100,254.0,254.0,21INR0210
25095,Halo Solar,SOL,NORTH,2024-07-01,12/31/2100,254.0,254.0,21INR0304
25096,Galactic Solar,SOL,NORTH,2028-06-01,12/31/2100,205.0,205.0,23INR0144
25097,Eliza Solar,SOL,NORTH,2025-01-01,12/31/2100,151.2,151.2,21INR0368
25098,Tidwell Prairie Storage 1,PS,NORTH,2026-02-01,12/31/2100,200.0,200.0,21INR0517
25099,Eliza Storage,PS,NORTH,2024-11-01,12/31/2100,100.62,100.62,22INR0260
25100,Clutch City Solar,SOL,COASTAL,2028-10-01,12/31/2100,204.1,204.1,22INR0279
25101,Pink Solar,SOL,NORTH,2027-01-01,12/31/2100,151.0,151.0,22INR0281
25102,Noria Storage,PS,COASTAL,2025-09-01,12/31/2100,75.0,75.0,23INR0062
25103,Umbra (Stockyard) Solar,SOL,NORTH,2026-06-01,12/31/2100,210.0,210.0,23INR0155
25104,Umbra (Stockyard) BESS,PS,NORTH,2026-06-01,12/31/2100,73.0,73.0,23INR0156
25105,Hoyte Solar,SOL,SOUTH,2027-01-01,12/31/2100,203.9,203.9,23INR0235
25106,Trojan Solar,SOL,NORTH,2026-03-01,12/31/2100,206.1,206.1,23INR0296
25107,Greater Bryant G Solar,SOL,WEST,2027-06-01,12/31/2100,41.6,41.6,23INR0300
25108,Compadre Solar,SOL,NORTH,2027-06-01,12/31/2100,405.3,405.3,24INR0023
25109,Talitha BESS,PS,SOUTH,2024-07-01,12/31/2100,61.4,61.4,23INR0331
25110,Ash Creek Solar,SOL,NORTH,2028-01-01,12/31/2100,409.0,409.0,21INR0379
25111,Cottonwood Bayou Storage,PS,COASTAL,2028-01-01,12/31/2100,150.0,150.0,21INR0443
25112,SkySealy GT 1,NGT,SOUTH,2028-06-01,12/31/2100,50.0,50.0,21INR0500
25113,SkySealy GT 2,NGT,SOUTH,2028-06-01,12/31/2100,50.0,50.0,21INR0500
25114,SkySealy GT 3,NGT,SOUTH,2028-06-01,12/31/2100,50.0,50.0,21INR0500
25115,Ferdinand Grid BESS,PS,SOUTH,2026-06-01,12/31/2100,202.6,202.6,22INR0422
25116,Platinum Storage,PS,NORTH,2027-06-01,12/31/2100,303.5,303.5,22INR0554
25117,Cradle Solar,SOL,COASTAL,2028-01-01,12/31/2100,225.0,225.0,23INR0150
25118,Fort Duncan BESS,PS,SOUTH,2025-03-01,12/31/2100,106.1,106.1,23INR0350
25119,Connolly Storage,PS,NORTH,2024-09-01,12/31/2100,125.0,125.0,23INR0403
25120,BoCo BESS,PS,WEST,2024-07-01,12/31/2100,153.3,153.3,23INR0470
25121,SP Jaguar Solar,SOL,NORTH,2025-07-01,12/31/2100,300.0,300.0,24INR0038
25122,SP Jaguar BESS,PS,NORTH,2025-07-01,12/31/2100,300.0,300.0,24INR0039
25123,Oriana Solar,SOL,SOUTH,2027-01-01,12/31/2100,201.3,201.3,24INR0093
25124,Oriana BESS,PS,SOUTH,2025-07-02,12/31/2100,61.4,61.4,24INR0109
25125,Iron Belt Energy Storage,PS,WEST,2028-01-01,12/31/2100,401.9,401.9,25INR0208
25126,Uhland Maxwell,NGT,SOUTH,2025-05-01,12/31/2100,184.0,184.0,25INR0223
25127,SMT Ironman BESS,PS,COASTAL,2024-11-01,12/31/2100,304.0,304.0,24INR0265
25128,Anole BESS,PS,NORTH,2027-01-01,12/31/2100,241.0,241.0,23INR0299
25129,True North Solar,SOL,NORTH,2024-07-01,12/31/2100,240.0,240.0,23INR0114
25130,Monte Cristo 1 Wind,WND,SOUTH,2025-10-01,12/31/2100,237.0,237.0,19INR0054
25131,SOHO II BESS,PS,COASTAL,2025-01-01,12/31/2100,206.0,206.0,25INR0162
25132,Erin Solar,SOL,SOUTH,2026-06-01,12/31/2100,203.0,203.0,23INR0058
25133,Pintail Pass BESS,PS,COASTAL,2026-06-01,12/31/2100,201.0,201.0,24INR0302
25134,Desert Willow BESS,PS,NORTH,2027-01-01,12/31/2100,151.0,151.0,23INR0195
25135,Tierra Seca BESS,PS,WEST,2028-01-01,12/31/2100,101.0,101.0,23INR0364
25136,Dori BQ Solar,SOL,HOUSTON,2027-01-01,12/31/2100,50.0,50.0,23INR0040
25137,Grizzly Ridge FBAT,FBAT,NORTH,2022-12-28,12/31/2100,10.0,10.0,22INR0596
25138,Olney FBAT,FBAT,WEST,2023-06-15,12/31/2100,10.0,10.0,22INR0603
25139,Pleasanton FBAT,FBAT,SOUTH,2023-06-15,12/31/2100,10.0,10.0,23INR0520
25140,Junction FBAT,FBAT,SOUTH,2023-09-01,12/31/2100,10.0,10.0,23INR0521
25141,Diboll FBAT,FBAT,NORTH,2023-01-18,12/31/2100,10.0,10.0,23INR0522
25145,Tavener Solar 2,SOL,HOUSTON,2023-06-01,12/31/2100,98.0,98.0,23INR0528
25146,Cascade Solar,SOL,COASTAL,2025-01-01,12/31/2100,254.0,254.0,23INR0091
25147,Blevins Solar,SOL,NORTH,2025-07-01,12/31/2100,272.0,272.0,23INR0118
25148,Blevins Storage,PS,NORTH,2025-07-01,12/31/2100,181.0,181.0,23INR0119
25149,Dorado Solar,SOL,WEST,2026-01-01,12/31/2100,406.0,406.0,22INR0261
25150,Walstrom BESS,PS,SOUTH,2025-05-05,12/31/2100,200.0,200.0,22INR0540
25151,Erath County Solar,SOL,NORTH,2026-01-01,12/31/2100,207.0,207.0,23INR0202
25152,Cuchillas Solar,SOL,SOUTH,2026-05-01,12/31/2100,306.0,306.0,24INR0059
25153,Red Egret BESS,PS,HOUSTON,2025-06-01,12/31/2100,309.0,309.0,24INR0281
25154,Lower Rio BESS,PS,SOUTH,2026-01-01,12/31/2100,60.0,60.0,22INR0468
25155,Dogfish BESS,PS,WEST,2025-01-01,12/31/2100,75.0,75.0,23INR0219
25156,Camp Creek Solar SLF,SOL,NORTH,2029-06-01,12/31/2100,166.0,166.0,23INR0385
25157,Stillhouse Solar,SOL,NORTH,2029-06-01,12/31/2100,215.0,215.0,24INR0166
25158,Dori BQ BESS,PS,HOUSTON,2029-06-01,12/31/2100,154.0,154.0,24INR0196
25159,SMT McAllen II,PS,SOUTH,2026-06-01,12/31/2100,97.0,97.0,24INR0436
25160,ThreeW Solar,SOL,NORTH,2025-06-01,12/31/2100,112.0,112.0,25INR0055
25161,Longbow BESS,PS,COASTAL,2029-01-01,12/31/2100,175.0,175.0,25INR0328
25162,North Alamo BESS,FBAT,SOUTH,2023-10-12,12/31/2100,10.0,10.0,23INR0477
25163,Bay City BESS,FBAT,COASTAL,2023-09-22,12/31/2100,10.0,10.0,23INR0507
25164,Los Fresnos BESS,FBAT,COASTAL,2023-11-12,12/31/2100,10.0,10.0,23INR0508
25165,Garceno BESS,FBAT,SOUTH,2023-11-19,12/31/2100,10.0,10.0,23INR0509
25166,Rio Grande City BESS,FBAT,SOUTH,2023-10-02,12/31/2100,10.0,10.0,23INR0510
25167,Mayberry BESS,FBAT,COASTAL,2023-10-29,12/31/2100,10.0,10.0,23INR0511
25168,West Harlingen BESS,FBAT,COASTAL,2025-10-14,12/31/2100,10.0,10.0,23INR0512
25169,AEP SMT Elsa,FBAT,SOUTH,2025-10-22,12/31/2100,10.0,10.0,23INR0513
25170,North Mercedes BESS,FBAT,SOUTH,2025-09-29,12/31/2100,10.0,10.0,23INR0514
25171,AEP SMT Santa Rosa,FBAT,COASTAL,2025-10-07,12/31/2100,10.0,10.0,23INR0515
25172,Damon Storage,FBAT,COASTAL,2023-12-01,12/31/2100,5.0,5.0,23INR0523
25173,Continental BESS,FBAT,SOUTH,2023-12-20,12/31/2100,10.0,10.0,23INR0543
25174,Hamilton BESS,FBAT,WEST,2024-02-15,12/31/2100,10.0,10.0,23INR0554
25175,Farmersville BESS,FBAT,NORTH,2024-03-07,12/31/2100,10.0,10.0,23INR0555
25176,Garden City East BESS,FBAT,WEST,2024-02-23,12/31/2100,10.0,10.0,23INR0565
25177,Weil Tract BESS,FBAT,COASTAL,2024-03-21,12/31/2100,10.0,10.0,23INR0569
25178,Mineral Wells East BESS,FBAT,NORTH,2024-04-13,12/31/2100,10.0,10.0,23INR0570
25179,Falfurrias BESS,FBAT,SOUTH,2024-06-20,12/31/2100,10.0,10.0,23INR0620
25180,Midway BESS,FBAT,WEST,2024-04-02,12/31/2100,10.0,10.0,23INR0688
25181,Pauline BESS,FBAT,NORTH,2024-03-21,12/31/2100,10.0,10.0,24INR0585
25182,Judkins BESS,FBAT,WEST,2024-03-21,12/31/2100,10.0,10.0,24INR0586
25183,Lufkin South BESS,FBAT,NORTH,2024-03-21,12/31/2100,10.0,10.0,24INR0587
25184,Cisco BESS,FBAT,NORTH,2026-03-21,12/31/2100,10.0,10.0,24INR0588
25185,Colorado Bend 11 + 12 GT,NGT,HOUSTON,2023-02-24,1/1/2100,78.0,78.0,21INR0512
25186,Soportar ESS,PS,SOUTH,2025-03-15,1/1/2100,102.0,102.0,23INR0381
25187,Fewell Solar,SOL,NORTH,2025-09-09,1/1/2100,204.0,204.0,23INR0367
25188,BRP Castor BESS,PS,COASTAL,2024-12-01,1/1/2100,205.0,205.0,23INR0358
25189,BRP Desna BESS,PS,COASTAL,2024-12-01,1/1/2100,205.0,205.0,24INR0128
25190,Citrus Flatts BESS,PS,COASTAL,2025-07-15,1/1/2100,101.0,101.0,24INR0294
25191,Destiny Storage,PS,HOUSTON,2026-01-31,1/1/2100,201.0,201.0,24INR0397
25192,Gunnar BESS,PS,SOUTH,2025-12-01,1/1/2100,203.0,203.0,24INR0491
25193,Wigeon Whistle BESS,PS,NORTH,2024-09-01,1/1/2100,121.0,121.0,24INR0312
25194,Sheep Creek Storage,PS,WEST,2024-07-01,1/1/2100,142.0,142.0,24INR0100
25195,SanPat Solar,SOL,COASTAL,2025-07-01,1/1/2100,256.0,256.0,25INR0052
25196,Sypert Branch Solar Project,SOL,SOUTH,2025-06-01,1/1/2100,262.0,262.0,24INR0070
25197,SanPat Solar II,SOL,COASTAL,2025-07-01,1/1/2100,309.0,309.0,25INR0081
25198,Hanson Solar,SOL,WEST,2025-10-21,1/1/2100,401.0,401.0,23INR0086
25199,Caliche Mound Solar,SOL,PANHANDLE,2025-08-28,1/1/2100,408.0,408.0,23INR0056
25200,Isaac Solar,SOL,COASTAL,2026-04-01,1/1/2100,52.0,52.0,25INR0232
25201,Long Point Storage,PS,COASTAL,2028-12-01,1/1/2100,101.0,101.0,21INR0444
25202,La Casa Wind,WND,NORTH,2028-06-01,1/1/2100,148.0,148.0,21INR0240
25203,Langer Solar,SOL,NORTH,2028-12-01,1/1/2100,250.0,250.0,23INR0030
25204,Yaupon Solar SLF,SOL,SOUTH,2029-06-01,1/1/2100,204.0,204.0,24INR0042
25205,Yaupon Storage SLF,PS,SOUTH,2029-06-01,1/1/2100,100.0,100.0,24INR0169
25206,Arroyo Storage SLF,PS,COASTAL,2028-01-01,1/1/2100,100.0,100.0,24INR0306
25207,Evelyn Battery Energy Storage System,PS,HOUSTON,2028-12-01,1/1/2100,452.0,452.0,24INR0460
25208,Wizard BESS,PS,HOUSTON,2028-06-01,1/1/2100,151.0,151.0,25INR0300
25209,Hanson Storage,SOL,WEST,2028-06-01,1/1/2100,101.0,101.0,24INR0057
25210,NIGHTFALL SOLAR,SOL,SOUTH,2029-01-01,1/1/2100,154.0,154.0,21INR0334
25211,Hart Wind 2,WND,PANHANDLE,2029-01-01,1/1/2100,166.0,166.0,24INR0116
25212,Erika Solar,SOL,NORTH,2029-06-01,1/1/2100,204.0,204.0,24INR0303
25213,Quantum Solar,SOL,WEST,2029-10-01,1/1/2100,374.0,374.0,21INR0207
25214,Telview BESS,FBAT,HOUSTON,2024-04-01,1/1/2100,10.0,10.0,23INR0541
25215,IEP Orchard BESS,FBAT,HOUSTON,2024-05-01,1/1/2100,10.0,10.0,23INR0556
25216,GOMEZ BESS (DGR),FBAT,WEST,2023-06-01,1/1/2100,10.0,10.0,23INR0519
25217,Rodeo Ranch Energy Storage II,FBAT,WEST,2024-01-24,1/1/2100,10.0,10.0,24INR0609
25218,Val Verde BESS,FBAT,SOUTH,2024-03-01,1/1/2100,10.0,10.0,23INR0553
25219,Russek Street BESS,FBAT,WEST,2024-05-24,1/1/2100,10.0,10.0,24INR0614
25220,Mainland BESS,FBAT,HOUSTON,2024-05-24,1/1/2100,10.0,10.0,24INR0624
25221,Pavlov BESS,FBAT,COASTAL,2026-05-24,1/1/2100,10.0,10.0,24INR0615
51116,West Texas Generic CAES,PS,WEST,2025-06-01,12/31/2100,150.0,150.0,
51117,North Texas Generic CAES,PS,NORTH,2025-06-01,12/31/2100,150.0,150.0,
51118,Bethel EC CAES,PS,NORTH,2030-01-01,12/31/2100,317.0,317.0,15INR0013
55394,Astra Wind,WND,WEST,2017-04-10,12/31/2100,163.0,163.0,
55395,Chapman Ranch Wind,WND,SOUTH,2017-07-11,12/31/2100,250.0,250.0,
55396,Tyler Bluff Wind,WND,NORTH,2016-11-01,12/31/2100,126.0,126.0,
55397,ROCK SPRINGS VAL VERDE WIND,WND,SOUTH,2017-08-01,12/31/2100,149.0,149.0,
55399,Salt Fork Wind 2,WND,WEST,2030-01-01,12/31/2100,200.0,200.0,
55400,Bruennings Breeze A,WND,SOUTH,2017-12-01,12/31/2100,115.0,115.0,14INR0041a
55401,Bruennings Breeze B,WND,SOUTH,2017-12-01,12/31/2100,115.0,115.0,
55402,Willow Springs Wind,WND,WEST,2030-01-01,12/31/2100,230.0,230.0,
55403,Buckthorn Wind 1,WND,NORTH,2017-10-01,12/31/2100,96.0,96.0,14INR0057
55404,Buckthorn Wind Capacity,WND,NORTH,2030-01-01,12/31/2100,48.0,48.0,
55405,Swisher Wind,WND,WEST,2024-01-01,12/31/2100,212.0,212.0,13INR0038
55406,Cotton Plains Wind,WND,WEST,2017-03-01,12/31/2100,50.0,50.0,
55407,Blanco Canyon Wind 2,WND,WEST,2017-04-05,12/31/2100,150.0,150.0,
55476,Lamesa Solar,SOL,WEST,2017-05-15,12/31/2100,200.0,200.0,16INR0023
55477,Castle Gap Solar,SOL,WEST,2018-06-01,12/31/2100,180.0,180.0,16INR0065
55478,Pearl Solar,SOL,WEST,2017-10-01,12/31/2100,50.0,50.0,
55479,Capricorn Ridge Solar,SOL,WEST,2018-12-01,12/31/2100,30.0,30.0,16INR0019
55480,Texas Solar 12,SOL,WEST,2029-01-01,12/31/2100,105.0,105.0,16INR0114
56335,SolaireHolman 1,SOL,WEST,2017-04-01,12/31/2100,50.0,50.0,15INR0061
56336,SP-TX-12-Phase B,SOL,WEST,2017-07-15,12/31/2100,158.0,158.0,
56337,Pecos Solar I,SOL,WEST,2022-03-01,12/31/2100,108.0,108.0,15INR0059
56338,Fort Hood Solar,SOL,NORTH,2018-06-01,12/31/2100,15.0,15.0,
56352,Hidalgo-Starr Wind,WND,SOUTH,2016-12-01,12/31/2100,250.0,250.0,
56353,Albercas Wind,WND,SOUTH,2016-12-01,12/31/2100,200.0,200.0,
56354,RTS Wind,WND,SOUTH,2018-04-01,12/31/2100,160.0,160.0,16INR0087
56355,Santa Rita Wind,WND,WEST,2018-03-15,12/31/2100,300.0,300.0,16INR0091
56356,Fluvanna Renewable 1,WND,WEST,2017-10-15,12/31/2100,155.0,155.0,13INR0056
56357,Willow Springs Wind,WND,WEST,2017-11-01,12/31/2100,250.0,250.0,14INR0060b
56358,Willow Spring Wind II,WND,WEST,2024-10-01,12/31/2100,230.0,230.0,
56359,Lockett Wind Farm,WND,WEST,2019-06-14,12/31/2100,184.0,184.0,16INR0062b
56375,Blue Jay Solar II,SOL,NORTH,2022-02-01,12/31/2100,69.0,69.0,21INR0538
56376,Markum Solar,SOL,NORTH,2024-02-05,12/31/2100,161.0,161.0,20INR0230
56377,Grizzly Ridge Solar,SOL,NORTH,2022-09-01,12/31/2100,100.0,100.0,21INR0375
56378,Eiffel Solar,SOL,NORTH,2026-06-01,12/31/2100,200.0,200.0,22INR0223
56379,Golinda Solar,SOL,NORTH,2023-02-10,12/31/2100,103.0,103.0,21INR0434
56380,Fence Post Solar,SOL,NORTH,2025-11-01,12/31/2100,243.0,243.0,22INR0404
56381,SP Peregrine Solar,SOL,SOUTH,2025-04-01,12/31/2100,303.0,303.0,22INR0283
56382,Jade Solar,SOL,WEST,2021-06-30,12/31/2100,375.0,375.0,22INR0360
56383,Andromeda Solar,SOL,WEST,2023-04-01,12/31/2100,374.4,374.4,22INR0412
56384,Bright Arrow Solar,SOL,NORTH,2022-12-15,12/31/2100,305.0,305.0,22INR0242
56385,Schoolhouse Solar,SOL,SOUTH,2025-09-01,12/31/2100,150.8,150.8,22INR0211
56386,Estonian Solar Farm,SOL,NORTH,2025-10-01,12/31/2100,204.0,204.0,22INR0335
56387,Longbow Solar,SOL,COASTAL,2022-09-01,12/31/2100,80.0,80.0,20INR0026
56388,Myrtle Solar II,SOL,COASTAL,2026-01-01,12/31/2100,100.0,100.0,20INR0263
56389,Cottonwood Bayou Solar II,SOL,COASTAL,2026-05-01,12/31/2100,200.0,200.0,21INR0228
56390,Maleza Solar,SOL,SOUTH,2026-05-01,12/31/2100,255.0,255.0,21INR0220
56391,Nabatoto Solar North,SOL,NORTH,2026-10-01,12/31/2100,366.0,366.0,21INR0428
56392,Brass Fork Solar,SOL,WEST,2023-05-01,12/31/2100,305.0,305.0,22INR0270
56393,Oystercatcher Solar,SOL,NORTH,2025-09-01,12/31/2100,220.0,220.0,21INR0362
56394,Crawfish Wind,WND,SOUTH,2022-12-31,12/31/2100,163.0,163.0,19INR0177
56395,Board Creek Wind,WND,NORTH,2022-11-04,12/31/2100,300.0,300.0,21INR0324
56396,Appaloosa Run Wind,WND,WEST,2023-03-01,12/31/2100,175.0,175.0,20INR0249
56397,Anchor Wind II,WND,NORTH,2022-04-01,12/31/2100,148.0,148.0,21INR0539
56398,White Mesa 2 Wind,WND,WEST,2021-11-30,12/31/2100,348.0,348.0,21INR0521
56416,Ellis Solar,SOL,NORTH,2022-06-30,12/31/2100,81.0,81.0,21INR0493
56417,Rowland Solar II,SOL,HOUSTON,2023-04-15,12/31/2100,203.0,203.0,22INR0482
56418,GP Solar,SOL,NORTH,2023-06-01,12/31/2100,122.0,122.0,23INR0045
56419,Jackalope Solar,SOL,COASTAL,2023-07-01,12/31/2100,156.0,156.0,23INR0180
56420,Cachena Solar,SOL,SOUTH,2024-01-01,12/31/2100,440.0,440.0,23INR0027
56421,G-STAR Solar,SOL,SOUTH,2023-04-01,12/31/2100,609.0,609.0,23INR0111
56422,Neptune Solar,SOL,COASTAL,2023-03-01,12/31/2100,205.0,205.0,21INR0499
56423,Pitts Dudik Solar,SOL,NORTH,2023-01-01,12/31/2100,50.0,50.0,20INR0074
56424,Arroyo Solar,SOL,SOUTH,2024-09-01,12/31/2100,180.0,180.0,20INR0086
56425,Mercury Solar,SOL,NORTH,2025-06-01,12/31/2100,512.0,512.0,21INR0257
56426,Lunis Creek Solar 1,SOL,COASTAL,2025-06-01,12/31/2100,240.0,240.0,21INR0344
56427,Crowded Star Solar II,SOL,NORTH,2026-03-01,12/31/2100,189.0,189.0,22INR0274
56428,Dileo Solar,SOL,NORTH,2024-09-01,12/31/2100,72.0,72.0,22INR0359
56429,Hayhurst Texas Solar,SOL,WEST,2025-05-01,12/31/2100,46.0,46.0,22INR0363
56430,Lunis Creek Solar 2,SOL,COASTAL,2026-06-01,12/31/2100,240.0,240.0,21INR0346
56431,Redonda Solar,SOL,SOUTH,2025-01-01,12/31/2100,253.0,253.0,23INR0162
56432,Sheep Creek Wind,WND,NORTH,2025-09-01,12/31/2100,152.0,152.0,21INR0325
56440,Mercury II Solar,SOL,NORTH,2023-12-31,12/31/2100,206.1,206.1,23INR0153
56441,Roseland Solar II,SOL,NORTH,2023-02-06,12/31/2100,254.0,254.0,22INR0506
56442,DR Solar,SOL,WEST,2024-10-01,12/31/2100,46.0,46.0,22INR0454
56443,Hornet Solar,SOL,PANHANDLE,2025-01-01,12/31/2100,611.0,611.0,23INR0021
56444,Stampede Solar,SOL,NORTH,2024-12-20,12/31/2100,259.0,259.0,22INR0409
56445,BPL Files Solar,SOL,NORTH,2023-04-30,12/31/2100,146.0,146.0,20INR0164
56446,Angus Solar,SOL,NORTH,2025-04-01,12/31/2100,113.0,113.0,20INR0035
56447,Blue Sky Sol,SOL,WEST,2025-03-01,12/31/2100,101.2,101.2,22INR0455
56448,Inertia Solar,SOL,WEST,2026-07-01,12/31/2100,202.0,202.0,22INR0374
56449,Shaula I Solar,SOL,SOUTH,2025-11-01,12/31/2100,205.2,205.2,22INR0251
56450,Greyhound Solar,SOL,WEST,2026-07-01,12/31/2100,608.7,608.7,21INR0268
56451,Jungmann Solar,SOL,SOUTH,2026-08-01,12/31/2100,40.0,40.0,22INR0356
56452,Coral Solar,SOL,NORTH,2024-04-01,12/31/2100,155.0,155.0,22INR0295
56453,Porter Solar,SOL,NORTH,2024-04-01,12/31/2100,245.0,245.0,21INR0458
56454,Chillingham Solar,SOL,NORTH,2026-10-01,12/31/2100,359.0,359.0,23INR0070
56455,Angelo Solar,SOL,WEST,2024-08-15,12/31/2100,195.0,195.0,19INR0203
56456,Baker Branch Solar,SOL,NORTH,2024-10-01,12/31/2100,476.0,476.0,23INR0026
56457,Starling Solar,SOL,SOUTH,2026-09-01,12/31/2100,123.0,123.0,23INR0035
56458,Shaula II Solar,SOL,SOUTH,2026-06-01,12/31/2100,205.0,205.0,22INR0267
56459,Texas Solar Nova 2,SOL,WEST,2024-03-01,12/31/2100,203.0,203.0,20INR0269
56460,Amsterdam Solar,SOL,COASTAL,2027-10-01,12/31/2100,510.0,510.0,21INR0256
56461,Parliament Solar,SOL,HOUSTON,2025-01-01,12/31/2100,483.0,483.0,23INR0044
56462,Rocinante Solar,SOL,SOUTH,2027-12-31,12/31/2100,95.0,95.0,23INR0231
56463,Inertia Wind,WND,WEST,2023-01-28,12/31/2100,301.0,301.0,22INR0326
56464,Young Wind,WND,WEST,2022-12-19,12/31/2100,499.1,499.1,21INR0401
56465,Monte Alto 2 Wind,WND,COASTAL,2024-12-31,12/31/2100,272.0,272.0,19INR0023
56466,Montgomery Ranch Wind,WND,WEST,2024-03-01,12/31/2100,200.2,200.2,20INR0040
56467,Shamrock Wind,WND,WEST,2024-07-01,12/31/2100,224.0,224.0,22INR0502
64274,Culberson Loop EXPANSION INDL,INDL,WEST,2025-01-01,12/31/2100,50.0,50.0,
64275,Riverton EXPANSION INDL,INDL,WEST,2025-01-01,12/31/2100,50.0,50.0,
64276,Sand Lake EXPANSION INDL,INDL,WEST,2025-01-01,12/31/2100,50.0,50.0,
64299,Tesla Giga Austin INDL,INDL,SOUTH,2022-06-01,12/31/2100,40.0,40.0,
64322,Bitmain Rockdale Exp INDL,INDL,SOUTH,2021-11-01,12/31/2100,53.0,53.0,
64323,Compute North INDL,INDL,NORTH,2023-04-01,12/31/2100,50.0,50.0,
64324,Compute North Exp INDL,INDL,NORTH,2023-04-01,12/31/2100,50.0,50.0,
64354,South Austin INDL,INDL,SOUTH,2023-01-01,12/31/2100,112.0,112.0,
64355,Lewisville Lake INDL,INDL,NORTH,2023-01-01,12/31/2100,98.0,98.0,
64360,HODL Crypto INDL,INDL,WEST,2023-08-01,12/31/2100,250.0,250.0,
64361,Iris Data INDL,INDL,WEST,2023-05-01,12/31/2100,20.0,20.0,
64362,Pronghorn Area INDL,INDL,WEST,2023-01-01,12/31/2100,82.0,82.0,
64378,Skybox PowerCampus INDL 1,INDL,SOUTH,2024-12-01,1/1/2100,300.0,300.0,
64379,Skybox PowerCampus INDL 2,INDL,SOUTH,2025-06-01,1/1/2100,300.0,300.0,
65100,AES Deepwater Houston Battery,FBAT,HOUSTON,2014-10-01,12/31/2100,1.0,1.0,
65101,Notress Battery,FBAT,WEST,2013-01-24,12/31/2100,36.0,36.0,
65103,Blue Summit Battery,FBAT,WEST,2017-03-17,12/31/2100,30.0,30.0,
65104,Pyron Inadale Battery,FBAT,WEST,2018-01-01,1/1/2100,20.0,20.0,
65105,Juno Capacity FLOW BESS,PS,WEST,2026-04-01,1/1/2100,200.0,200.0,21INR0032
65106,Panhandle Generic Storage,PS,WEST,2028-01-01,1/1/2100,400.0,400.0,
65107,Elbow Creek Battery,FBAT,WEST,2018-01-01,1/1/2100,2.0,2.0,
65108,Rabbit Hill Battery,FBAT,WEST,2019-01-01,1/1/2100,10.0,10.0,
65109,Eunice Storage,PS,WEST,2021-01-08,1/1/2100,40.0,40.0,20INR0220
65110,Prospect Small Battery,FBAT,HOUSTON,2019-12-01,1/1/2100,10.0,10.0,
65111,Flat Top Small Battery,FBAT,WEST,2019-12-01,1/1/2100,10.0,10.0,
65112,Port Lavaca Small Battery,FBAT,SOUTH,2019-12-01,1/1/2100,10.0,10.0,
65113,Worsham Small Battery,FBAT,WEST,2019-12-01,1/1/2100,10.0,10.0,
65114,Commerce Small Battery,FBAT,SOUTH,2019-12-01,1/1/2100,10.0,10.0,
65115,ODESW_RN Small Battery,FBAT,WEST,2020-04-01,12/31/2100,10.0,10.0,
65116,SWOOSE1_U1 Small Battery,FBAT,WEST,2020-12-01,12/31/2100,10.0,10.0,
65117,Roughneck Storage,PS,COASTAL,2021-12-21,12/31/2100,50.0,50.0,19INR0176
65118,Green Holly Storage,PS,WEST,2026-01-01,12/31/2100,50.0,50.0,21INR0029
65119,Red Holly Storage,PS,WEST,2026-01-01,12/31/2100,50.0,50.0,21INR0033
65120,Crossett Power Batt,PS,WEST,2021-09-23,12/31/2100,209.0,209.0,21INR0510
65121,Ignacio Grid,PS,SOUTH,2022-06-01,12/31/2100,102.0,102.0,21INR0522
65122,Byrd Ranch Storage,PS,COASTAL,2022-08-01,12/31/2100,50.0,50.0,21INR0281
65123,Cane Flats Storage,PS,SOUTH,2028-06-01,12/31/2100,41.0,41.0,21INR0404
65124,Big Star Solar,SOL,SOUTH,2022-03-31,12/31/2100,221.0,221.0,21INR0413
65125,Morrow Lake Storage,PS,SOUTH,2028-06-01,12/31/2100,201.0,201.0,21INR0483
65126,Flower Valley II Batt,PS,WEST,2022-01-03,12/31/2100,101.0,101.0,21INR0496
65127,Swoose II,PS,WEST,2022-03-01,12/31/2100,101.0,101.0,21INR0497
65128,Ramsey Storage,PS,SOUTH,2025-06-01,12/31/2100,500.0,500.0,21INR0505
65129,BRP Dickens BESS,PS,PANHANDLE,2022-05-30,12/31/2100,202.0,202.0,22INR0325
65130,Dragan Storage,PS,NORTH,2029-06-01,12/31/2100,408.0,408.0,22INR0400
65131,Eval Storage,PS,COASTAL,2029-06-01,12/31/2100,255.0,255.0,22INR0401
65132,Frye Storage,PS,PANHANDLE,2029-06-01,12/31/2100,510.0,510.0,22INR0402
65133,Steppe Reserve Storage,PS,SOUTH,2028-06-01,12/31/2100,58.0,58.0,23INR0164
65134,Pinnington Storage,PS,NORTH,2029-06-01,12/31/2100,500.0,500.0,24INR0011
65135,Seminole Small Battery,FBAT,HOUSTON,2021-02-01,12/31/2100,10.0,10.0,
65136,Belding Small Battery,FBAT,WEST,2021-02-01,12/31/2100,7.0,7.0,
65137,Zapata Small Battery,FBAT,SOUTH,2021-02-01,12/31/2100,15.0,15.0,
65138,Pueblo Small Battery,FBAT,SOUTH,2021-02-01,12/31/2100,15.0,15.0,
65139,BRP LOPENO (DGR),FBAT,COASTAL,2021-12-01,12/31/2100,10.0,10.0,
65140,WESTOVER BESS (DGR),FBAT,WEST,2021-09-01,12/31/2100,10.0,10.0,
65141,SNYDER (DGR),FBAT,WEST,2021-09-01,12/31/2100,10.0,10.0,
65142,SWEETWATER BESS (DGR),FBAT,WEST,2021-10-01,12/31/2100,10.0,10.0,
65143,BRP RANCHTOWN (DGR),FBAT,SOUTH,2021-10-01,12/31/2100,10.0,10.0,
65144,TOYAH POWER STATION (DGR),FBAT,WEST,2021-12-01,12/31/2100,10.0,10.0,
65527,North Zone Capacity Battery,PS,NORTH,2025-06-01,1/1/2100,30.0,30.0,
65543,Castle Gap Battery,PS,WEST,2019-01-01,1/1/2100,10.0,10.0,
65544,Bakersfield Capacity Battery,PS,WEST,2027-06-01,1/1/2100,500.0,500.0,
65545,East Dallas Capacity Battery,PS,NORTH,2027-06-01,1/1/2100,500.0,500.0,
65546,Fayette Capacity Battery,PS,SOUTH,2027-06-01,1/1/2100,600.0,600.0,
65547,San Antonio Capacity Battery,PS,SOUTH,2027-06-01,1/1/2100,200.0,200.0,
65548,Austin Capacity Battery,PS,SOUTH,2027-06-01,1/1/2100,200.0,200.0,
65643,Chisholm Grid,PS,NORTH,2021-07-09,12/31/2100,100.0,100.0,20INR0089
65644,North Fork,PS,SOUTH,2021-05-01,12/31/2100,100.0,100.0,20INR0276
65645,Silicon Hill Storage,PS,SOUTH,2022-02-01,12/31/2100,100.0,100.0,20INR0291
65646,Madero Grid,PS,SOUTH,2022-05-01,12/31/2100,101.0,101.0,21INR0244
65647,SP TX-12B BESS,PS,WEST,2022-02-01,12/31/2100,23.0,23.0,21INR0357
65648,Bat Cave,PS,SOUTH,2021-06-01,12/31/2100,100.0,100.0,21INR0365
65649,Azure Sky BESS,PS,WEST,2021-09-14,12/31/2100,78.0,78.0,21INR0476
65650,Half Moon Battery,PS,SOUTH,2024-05-01,12/31/2100,30.0,30.0,20INR0135
65651,High Lonesome BESS,PS,WEST,2022-06-01,12/31/2100,20.0,20.0,20INR0280
65652,Queen BESS,PS,WEST,2022-06-01,12/31/2100,50.0,50.0,20INR0281
65653,River Valley Storage 1,PS,SOUTH,2022-05-30,12/31/2100,52.0,52.0,20INR0290
65654,River Valley Storage 2,PS,SOUTH,2022-05-30,12/31/2100,52.0,52.0,20INR0293
65655,Independence Trail Storage,PS,PANHANDLE,2025-05-01,12/31/2100,100.0,100.0,21INR0455
65656,DeCordova BESS addition,PS,NORTH,2022-05-03,12/31/2100,263.0,263.0,21INR0459
65657,Republic Road Storage,PS,NORTH,2022-01-03,12/31/2100,50.0,50.0,21INR0460
65658,Endurance Park Storage,PS,WEST,2022-06-01,12/31/2100,52.0,52.0,21INR0479
65659,Juanita Hill Storage,PS,SOUTH,2025-05-01,12/31/2100,209.0,209.0,21INR0480
65660,Sisters Storage,PS,WEST,2025-05-01,12/31/2100,504.0,504.0,21INR0482
65661,Nickel Prairie Storage,PS,COASTAL,2026-05-01,12/31/2100,209.0,209.0,21INR0487
65662,Cottage Meadow Storage,PS,COASTAL,2026-05-01,12/31/2100,209.0,209.0,21INR0488
65663,Roseland Storage,PS,NORTH,2026-05-01,12/31/2100,100.0,100.0,22INR0280
65664,Endurance Park Storage 2,PS,WEST,2026-05-01,12/31/2100,52.0,52.0,22INR0324
65665,Hummingbird Storage,PS,NORTH,2026-05-01,12/31/2100,105.0,105.0,22INR0327
65666,Limousin Oak Storage,PS,NORTH,2027-05-01,12/31/2100,105.0,105.0,22INR0338
65667,Barrel Summit Storage,PS,NORTH,2027-05-01,12/31/2100,105.0,105.0,22INR0348
65668,Brangus Storage,PS,SOUTH,2027-05-01,12/31/2100,200.0,200.0,23INR0022
65669,Lily Storage,PS,NORTH,2021-06-30,12/31/2100,52.0,52.0,20INR0294
65670,Gambit Storage,PS,COASTAL,2021-06-01,12/31/2100,102.0,102.0,21INR0364
65688,ALVIN_RN Small Battery,FBAT,HOUSTON,2020-10-01,12/31/2100,10.0,10.0,
65689,BRHEIGHT_RN Small Battery,FBAT,HOUSTON,2020-10-01,12/31/2100,10.0,10.0,
65690,BRPANGLE_RN Small Battery,FBAT,SOUTH,2020-10-01,12/31/2100,10.0,10.0,
65691,BRPMAGNO_RN Small Battery,FBAT,HOUSTON,2020-10-01,12/31/2100,10.0,10.0,
65692,BRP_BRAZ_RN Small Battery,FBAT,SOUTH,2020-10-01,12/31/2100,10.0,10.0,
65693,BRP_DIKN_RN Small Battery,FBAT,HOUSTON,2020-10-01,12/31/2100,10.0,10.0,
65694,BRP_LOOP_RN Small Battery,FBAT,SOUTH,2020-12-01,12/31/2100,10.0,10.0,
65695,BRP_RN_UNIT1 Small Battery,FBAT,SOUTH,2020-12-01,12/31/2100,10.0,10.0,
65696,BRP_SWNY_RN Small Battery,FBAT,HOUSTON,2020-12-01,12/31/2100,10.0,10.0,
65697,FLVABES1_ESR Small Battery,FBAT,WEST,2020-12-01,12/31/2100,10.0,10.0,
65698,HRBESS_BESS Small Battery,FBAT,WEST,2020-12-01,12/31/2100,10.0,10.0,
65699,JC_BAT_RN Small Battery,FBAT,SOUTH,2020-10-01,12/31/2100,2.3,2.3,
65906,Noble Storage,PS,NORTH,2022-08-01,12/31/2100,127.0,127.0,22INR0436
65907,Fence Post BESS,PS,NORTH,2025-11-01,12/31/2100,73.0,73.0,22INR0405
65908,House Mountain 2 BESS,PS,WEST,2023-02-01,12/31/2100,52.42,52.42,22INR0485
65909,BRP Cachi BESS,PS,SOUTH,2024-11-01,12/31/2100,202.0,202.0,22INR0388
65910,BRP Antlia BESS,PS,WEST,2023-05-01,12/31/2100,71.0,71.0,22INR0349
65911,BRP Carina BESS,PS,COASTAL,2023-06-01,12/31/2100,151.85,151.85,22INR0353
65912,Big Star Storage,PS,SOUTH,2022-03-31,12/31/2100,80.0,80.0,21INR0469
65913,Estonian Energy Storage,PS,NORTH,2025-10-01,12/31/2100,102.5,102.5,22INR0336
65914,BRP Paleo BESS,PS,PANHANDLE,2022-09-30,12/31/2100,202.4,202.4,22INR0322
65915,Ryan Energy Storage,PS,NORTH,2023-01-09,12/31/2100,50.0,50.0,20INR0246
65916,BRP Pavo BESS,PS,WEST,2021-06-30,12/31/2100,176.0,176.0,22INR0384
65917,BRP Tortolas BESS,PS,COASTAL,2022-07-11,12/31/2100,50.0,50.0,23INR0072
65918,Vortex BESS,PS,WEST,2022-05-01,12/31/2100,122.0,122.0,21INR0473
65919,Anchor BESS,PS,NORTH,2021-12-31,12/31/2100,71.0,71.0,21INR0474
65920,BRP Hydra BESS,PS,WEST,2022-10-30,12/31/2100,202.0,202.0,22INR0372
65937,Wolf Tank Storage,PS,SOUTH,2025-12-01,12/31/2100,155.0,155.0,22INR0551
65938,Timberwolf BESS 2,PS,WEST,2024-06-01,12/31/2100,150.0,150.0,22INR0495
65939,Guajillo Energy Storage,PS,SOUTH,2024-11-01,12/31/2100,201.0,201.0,23INR0343
65966,Blue Jay BESS,PS,NORTH,2023-02-01,12/31/2100,51.6,51.6,23INR0019
65967,Pyron BESS II,PS,WEST,2023-03-16,12/31/2100,30.2,30.2,20INR0268
65968,Mustang Creek Storage,PS,SOUTH,2023-08-15,12/31/2100,71.78,71.78,21INR0484
65969,Stampede BESS,PS,NORTH,2024-06-01,12/31/2100,73.11,73.11,22INR0410
65970,BRP Libra BESS,PS,SOUTH,2024-02-01,12/31/2100,202.38,202.38,22INR0366
65971,Anemoi Energy Storage,PS,SOUTH,2024-06-01,12/31/2100,205.0,205.0,23INR0369
65972,Bright Arrow Storage,PS,NORTH,2024-02-01,12/31/2100,103.5,103.5,22INR0302
65973,Inertia BESS,PS,WEST,2024-07-01,12/31/2100,121.4,121.4,22INR0328
65974,Inertia BESS 2,PS,WEST,2025-04-01,12/31/2100,100.7,100.7,22INR0375
65975,Chillingham Storage,PS,NORTH,2026-10-01,12/31/2100,153.7,153.7,23INR0079
65976,Padua Grid BESS,PS,SOUTH,2024-12-01,12/31/2100,51.0,51.0,22INR0368
65977,Giga Texas Energy Storage,PS,SOUTH,2024-02-01,12/31/2100,131.0,131.0,23INR0239
65978,Turquoise Storage,PS,NORTH,2023-03-07,12/31/2100,196.2,196.2,22INR0509
65979,Saragosa BESS,FBAT,WEST,2022-07-15,12/31/2100,10.0,10.0,22INR0565
65980,Saddleback BESS,FBAT,WEST,2022-08-15,12/31/2100,10.0,10.0,22INR0570
65981,Faulkner BESS,FBAT,WEST,2022-08-15,12/31/2100,10.0,10.0,22INR0571
65982,La Huerta BESS,FBAT,SOUTH,2022-09-30,12/31/2100,10.0,10.0,22INR0572
65983,Burro BESS,FBAT,SOUTH,2022-09-15,12/31/2100,10.0,10.0,22INR0573
65984,Coyote Springs BESS,FBAT,WEST,2022-09-30,12/31/2100,10.0,10.0,22INR0574
65985,Lonestar BESS,FBAT,WEST,2022-09-15,12/31/2100,10.0,10.0,22INR0575
65986,Rattlesnake BESS,FBAT,WEST,2022-09-30,12/31/2100,10.0,10.0,22INR0576
65987,Cedarville BESS,FBAT,WEST,2022-09-30,12/31/2100,10.0,10.0,22INR0577
65988,Screwbean BESS,FBAT,WEST,2022-09-15,12/31/2100,10.0,10.0,22INR0587
65989,Cameron Storage,PS,COASTAL,2023-10-13,12/31/2100,18.0,18.0,22INR0398
65990,Amsterdam Storage,PS,COASTAL,2027-10-01,12/31/2100,201.0,201.0,22INR0417
65991,Rocinante BESS,PS,SOUTH,2027-12-31,12/31/2100,33.0,33.0,23INR0232
66017,Ebony Energy Storage,PS,SOUTH,2024-04-01,1/1/2100,205.0,205.0,23INR0154
66018,Tanzanite Storage,PS,NORTH,2024-12-01,1/1/2100,258.0,258.0,22INR0549
66019,Sowers Storage,PS,NORTH,2024-12-01,1/1/2100,203.0,203.0,22INR0552
66020,Great Kiskadee Storage,PS,SOUTH,2024-08-01,1/1/2100,103.0,103.0,23INR0166
66021,Rodeo Ranch Energy Storage,PS,WEST,2023-12-01,1/1/2100,290.0,290.0,23INR0371
66022,Callisto I Energy Center,PS,HOUSTON,2024-06-01,1/1/2100,203.0,203.0,22INR0490
66023,Donegal BESS,PS,PANHANDLE,2026-06-01,1/1/2100,101.0,101.0,23INR0103
66024,Larkspur Energy Storage,PS,WEST,2027-01-01,1/1/2100,307.5,307.5,23INR0340
